season,team,playoffs,Strength of Schedule_diff,o_rtg_diff,d_rtg_diff,pace_diff,f_tr_diff,3pt Attempt Rate_diff,ts_percent_diff,e_fg_percent_diff,tov_percent_diff,orb_percent_diff,ft_fga_diff,opp_e_fg_percent_diff,opp_tov_percent_diff,drb_percent_diff,opp_ft_fga_diff
2025,Atlanta Hawks,TRUE,-0.28,0.1,1.2,3.8,0.009,-0.011,0.003,0.003,0.6,1.1,0.007,0.017,1.2,1.2,0.013
2025,Boston Celtics,TRUE,-0.83,6.1,-3.4,-3.1,-0.031,0.115,0.015,0.018,-1.8,0.5,-0.02,-0.021,-1,1.2,-0.035
2025,Brooklyn Nets,FALSE,0.16,-6,1.3,-2.4,-0.003,0.037,-0.024,-0.027,1.1,-0.7,0,0.014,1.1,0.2,0.029
2025,Chicago Bulls,TRUE,-0.27,-0.4,1.1,4,-0.029,0.036,0.009,0.01,0.1,-2.9,-0.016,-0.004,-1.8,1.8,-0.011
2025,Charlotte Hornets,FALSE,0.01,-7.2,2.1,-1.2,-0.021,0.009,-0.039,-0.04,1.1,1.3,-0.015,0.004,-0.7,-0.3,0.001
2025,Cleveland Cavaliers,TRUE,-0.73,7.2,-2.3,1,-0.002,0.036,0.031,0.035,-1,0.7,-0.002,-0.015,0,0,-0.008
2025,Dallas Mavericks,TRUE,0.46,0.3,1.5,0.4,0.02,-0.032,0.007,0.006,-0.1,-1.9,0.014,-0.003,-1,-1.7,-0.01
2025,Denver Nuggets,TRUE,0.08,5.4,1.5,1,0.016,-0.065,0.028,0.03,-0.1,1.5,0.011,-0.001,-1.3,-0.2,-0.016
2025,Detroit Pistons,TRUE,-0.17,0.5,-1.4,1,0.005,-0.027,0.004,0.004,0.4,1,0.003,-0.004,0.7,1.2,0.025
2025,Golden State Warriors,TRUE,0.25,0.5,-2.8,-0.1,0.001,0.048,-0.008,-0.007,-0.3,2.1,-0.002,-0.002,1.5,0.8,0
2025,Houston Rockets,TRUE,0.45,0.8,-3.7,-0.2,-0.001,-0.037,-0.023,-0.02,-0.8,6.5,-0.011,-0.015,0.2,1.4,-0.003
2025,Indiana Pacers,TRUE,-0.55,2,-0.2,1.1,-0.002,-0.021,0.018,0.019,-0.8,-3.9,0.001,0.003,0.5,-0.3,0.001
2025,Los Angeles Clippers,TRUE,0.18,0.6,-4.2,-1.3,0.008,-0.034,0.013,0.011,0.8,-0.8,0.011,-0.007,1.1,2.7,0
2025,Los Angeles Lakers,TRUE,0.23,1.4,0.2,-1.2,0.028,0.004,0.017,0.014,0.1,-1.9,0.024,-0.004,-0.4,-0.3,-0.011
2025,Memphis Grizzlies,TRUE,-0.06,3.2,-1.5,4.5,0.006,-0.015,0.012,0.011,0.5,3.5,0.007,-0.01,0.3,0.1,0.017
2025,Miami Heat,TRUE,-0.45,-1,-1.6,-2.6,-0.011,0.008,0,0.001,-0.2,-2.9,-0.006,0,-0.1,1,-0.032
2025,Milwaukee Bucks,TRUE,-0.36,1.4,-1.1,0.5,0.025,0.003,0.022,0.025,-0.4,-5.9,0.012,-0.01,-1.2,1.4,-0.015
2025,Minnesota Timberwolves,TRUE,0.15,2.1,-3,-1.5,0.006,0.034,0.012,0.011,0.4,0.6,0.007,-0.011,0.6,0.3,-0.011
2025,New Orleans Pelicans,FALSE,0.84,-4.1,5.4,0.3,0.001,-0.036,-0.024,-0.024,0.2,1.1,-0.005,0.021,-0.3,-2.1,0.001
2025,New York Knicks,TRUE,-0.51,4,-0.2,-2.1,-0.011,-0.039,0.013,0.013,-0.7,0.8,-0.003,0.006,0.5,-0.3,-0.013
2025,Oklahoma City Thunder,TRUE,-0.16,5.8,-7,1.2,-0.023,-0.002,0.017,0.017,-2.3,-1,-0.009,-0.03,2.3,-0.2,0.022
2025,Orlando Magic,TRUE,-0.58,-5.1,-4.9,-2.7,0.026,-0.01,-0.026,-0.033,0.3,0.1,0.019,-0.005,2.4,2.2,0.031
2025,Philadelphia 76ers,FALSE,-0.06,-2.6,3.7,-1.4,0.014,0.005,-0.013,-0.016,-0.3,-1.8,0.012,0.027,1.7,-3,0.005
2025,Phoenix Suns,FALSE,0.45,1.7,4.8,-1.7,-0.002,0.019,0.019,0.018,0.2,-2.6,0.006,0.009,-1.7,-0.7,0.002
2025,Portland Trail Blazers,FALSE,0.31,-2.8,0.2,0,0.003,-0.003,-0.021,-0.022,1.2,4,-0.002,0,1,-2.3,0.015
2025,Sacramento Kings,TRUE,0.11,2.2,1.7,-0.6,-0.008,-0.03,0.006,0.005,-0.8,0.2,0.001,0.014,-0.1,2.1,0.011
2025,San Antonio Spurs,FALSE,0.31,-0.1,2.7,0.5,-0.009,0.02,-0.001,0.001,-0.3,-0.9,-0.008,0.008,-0.6,-1.8,-0.031
2025,Toronto Raptors,FALSE,-0.11,-4,0.3,0.9,-0.011,-0.048,-0.023,-0.021,0.7,2.1,-0.016,-0.002,0.6,-0.9,0.033
2025,Utah Jazz,FALSE,0.83,-3.3,5.9,1.2,0.009,0.028,-0.008,-0.01,2.3,1.7,0.006,0.016,-2.3,-0.7,-0.004
2025,Washington Wizards,FALSE,0.3,-7.7,4.6,2.1,-0.014,0.014,-0.03,-0.031,1,-2.5,-0.011,0.005,-1.2,-2.9,0.013
2024,Atlanta Hawks,FALSE,-0.19,1.9,4.1,1.6,0.007,0.013,-0.004,-0.008,-0.5,2.9,0.008,0.025,0.3,-0.6,0
2024,Boston Celtics,TRUE,-0.6,7.9,-3.7,-1.3,-0.02,0.076,0.029,0.031,-1.3,0.7,-0.012,-0.024,-1.3,0.5,-0.047
2024,Brooklyn Nets,FALSE,-0.13,-2.1,0.8,-1.6,-0.01,0.017,-0.019,-0.016,-0.3,1,-0.015,-0.004,-0.7,0.2,0.001
2024,Chicago Bulls,FALSE,-0.33,-0.4,1,-2.2,-0.008,-0.037,-0.012,-0.013,-1.1,0.9,-0.005,0.009,0.6,0.6,0.003
2024,Charlotte Hornets,FALSE,0.13,-6,4.5,-1.2,-0.032,-0.004,-0.02,-0.018,0.5,-3.1,-0.025,0.025,0.2,-1.3,-0.004
2024,Cleveland Cavaliers,TRUE,-0.44,-0.1,-2.6,-1.3,-0.01,0.027,0.006,0.01,0.3,-1,-0.013,-0.012,0.2,1.1,-0.002
2024,Dallas Mavericks,TRUE,0.09,2.3,0.1,1.6,0.007,0.046,0.012,0.015,-0.9,-2,-0.002,0.001,0,-0.6,-0.008
2024,Denver Nuggets,TRUE,-0.03,3.2,-2.3,-1.7,-0.02,-0.043,0.009,0.015,-0.6,1.3,-0.022,-0.021,-0.9,-0.2,0.003
2024,Detroit Pistons,FALSE,0.05,-5.6,3.5,1.3,0.002,-0.035,-0.018,-0.021,1.4,-0.3,0.001,0.011,-1,1.5,0.029
2024,Golden State Warriors,FALSE,0.16,2.5,-0.1,0.7,-0.025,0.03,0.006,0.01,0.4,3.3,-0.021,-0.008,-0.6,0.3,0.003
2024,Houston Rockets,FALSE,0.12,-0.8,-1.9,0.5,0.013,0.002,-0.015,-0.018,-0.9,0.9,0.007,-0.014,0.1,0.2,0.027
2024,Indiana Pacers,TRUE,-0.3,5.7,2.7,3.2,-0.022,-0.015,0.026,0.031,-0.8,-0.4,-0.019,0.009,0,-1.7,0.036
2024,Los Angeles Clippers,TRUE,0.13,3.5,0.1,-1.3,0.012,-0.012,0.019,0.014,-0.1,0.2,0.019,-0.006,-0.4,-1,-0.009
2024,Los Angeles Lakers,TRUE,0.48,0.6,0,2.4,0.032,-0.037,0.021,0.019,0.4,-4.3,0.024,0.003,-0.4,0.4,-0.039
2024,Memphis Grizzlies,FALSE,0.43,-8.1,-1,-0.3,-0.006,0.033,-0.037,-0.038,1.3,-0.4,-0.01,0.004,1.4,-1,0.003
2024,Miami Heat,TRUE,-0.66,-1.3,-3.1,-2.3,0.013,-0.001,-0.002,-0.009,-0.4,-2.4,0.018,-0.004,0.6,2.3,-0.018
2024,Milwaukee Bucks,TRUE,-0.18,3.1,0.5,1.4,0.026,0.035,0.021,0.021,-0.6,-2.4,0.017,-0.008,-1.5,1.4,-0.003
2024,Minnesota Timberwolves,TRUE,-0.07,0.3,-6.3,-1.4,0.026,-0.011,0.014,0.012,0.9,-1,0.017,-0.032,0.8,1.1,0.005
2024,New Orleans Pelicans,TRUE,0.05,2.1,-2.4,-0.6,0.017,-0.022,0.011,0.011,-0.3,0.2,0.01,-0.006,0.8,1.1,-0.006
2024,New York Knicks,TRUE,-0.23,2.9,-1.9,-3.3,0.002,0.009,-0.006,-0.007,-0.2,5.2,0,-0.004,0.2,0.3,-0.016
2024,Oklahoma City Thunder,TRUE,-0.05,4.2,-3.2,1.3,-0.004,-0.012,0.028,0.026,-0.7,-3.1,0.006,-0.017,1.5,-2,0.01
2024,Orlando Magic,TRUE,-0.55,-1.9,-4,-1.6,0.043,-0.026,-0.003,-0.006,1.2,1.1,0.026,-0.004,1.7,2.3,0.014
2024,Philadelphia 76ers,TRUE,-0.54,1.6,-1.5,-1,0.02,-0.022,-0.006,-0.015,-1.4,0.6,0.026,-0.01,1,-1.5,0.023
2024,Phoenix Suns,TRUE,0.02,2.3,-0.7,-0.2,0.027,-0.017,0.023,0.018,1.3,0.8,0.027,-0.011,-0.8,-0.2,-0.014
2024,Portland Trail Blazers,FALSE,0.74,-7,2.2,-1.3,-0.016,-0.025,-0.041,-0.044,1.3,3.3,-0.011,0.011,0.7,-1.8,0.024
2024,Sacramento Kings,FALSE,0.55,1.6,-0.1,0.3,-0.015,0.037,0.002,0.009,-0.5,0.3,-0.021,0.008,0.4,2.6,0.021
2024,San Antonio Spurs,FALSE,0.69,-5.3,1.1,2.6,-0.024,0.006,-0.017,-0.015,1.1,-1.3,-0.02,0.008,-0.4,0.6,-0.018
2024,Toronto Raptors,FALSE,-0.01,-3,3.5,0.9,-0.003,-0.026,-0.014,-0.012,0.3,0,-0.01,0.019,0.1,-1.9,-0.02
2024,Utah Jazz,FALSE,0.68,0.2,5.1,1,0.007,0.011,-0.001,-0.008,1.5,3.9,0.017,0.02,-1.2,-0.6,-0.01
2024,Washington Wizards,FALSE,0,-4.8,4.3,4.2,-0.023,-0.006,-0.013,-0.009,0.1,-4.2,-0.023,0.015,-0.1,-3.3,0.009
2023,Atlanta Hawks,TRUE,0.02,1.8,1.5,1.6,-0.022,-0.056,-0.002,-0.004,-1.3,1.1,-0.008,0.007,-0.1,-0.2,-0.002
2023,Boston Celtics,TRUE,-0.15,3.2,-3.3,-0.6,-0.023,0.093,0.019,0.021,-0.5,-1.9,-0.011,-0.017,-1.2,2.5,-0.028
2023,Brooklyn Nets,TRUE,0.18,0.2,-0.7,-0.8,-0.006,0.01,0.017,0.017,0.2,-4.4,0,-0.015,-0.3,-2.3,0.004
2023,Chicago Bulls,FALSE,0.07,-1.3,-2.6,-0.6,-0.015,-0.054,0.006,0.005,-0.3,-3.9,-0.005,-0.001,1,1.8,-0.011
2023,Charlotte Hornets,FALSE,0.35,-5.6,0.5,1.7,-0.005,-0.027,-0.031,-0.029,-0.2,-0.2,-0.013,-0.001,0,-0.5,0.003
2023,Cleveland Cavaliers,TRUE,-0.15,1.3,-4.2,-3.4,-0.002,-0.016,0.009,0.011,-0.2,-0.4,-0.002,-0.01,1.9,0.3,0.002
2023,Dallas Mavericks,FALSE,-0.22,2,1.9,-2.5,0.032,0.1,0.018,0.02,-1.1,-6,0.017,0.004,-0.6,-0.5,0.018
2023,Denver Nuggets,TRUE,-0.29,2.8,-0.6,-1,-0.007,-0.026,0.02,0.028,0.6,0.8,-0.014,-0.002,-0.3,0.4,-0.007
2023,Detroit Pistons,FALSE,0.49,-4.1,4.1,-0.1,0.029,-0.015,-0.02,-0.025,0.8,0.9,0.019,0.012,-0.6,-2,0.023
2023,Golden State Warriors,TRUE,-0.15,1.3,-0.4,2.5,-0.042,0.092,0.019,0.026,1.6,0.4,-0.03,-0.005,-0.2,0,0.006
2023,Houston Rockets,FALSE,0.24,-3.4,4.5,-0.1,0.019,-0.028,-0.027,-0.029,1.5,6.2,0.007,0.019,-0.7,-0.2,0.01
2023,Indiana Pacers,FALSE,0.28,-0.2,2.9,2,-0.001,0.026,0,0,0.5,-0.6,0.001,0.009,0.5,-3.8,0.021
2023,Los Angeles Clippers,TRUE,-0.19,0.2,-0.3,-1.1,0.012,0,0.007,0.006,0.3,-1.1,0.009,-0.002,-0.8,0.6,-0.013
2023,Los Angeles Lakers,TRUE,-0.15,-0.3,-0.9,2.2,0.033,-0.036,0.001,-0.003,-0.2,-1.2,0.024,-0.01,-1.6,0.3,-0.037
2023,Memphis Grizzlies,TRUE,-0.34,0.3,-3.6,2,-0.007,-0.015,-0.011,-0.005,-0.8,2.5,-0.018,-0.019,0.6,-0.1,-0.002
2023,Miami Heat,TRUE,0.18,-1.8,-1.5,-2.8,0.004,0.021,-0.007,-0.015,-0.1,-1.2,0.016,0.016,2,1.7,-0.01
2023,Milwaukee Bucks,TRUE,-0.02,0.6,-2.9,1.4,-0.018,0.059,0.002,0.01,0.2,1,-0.024,-0.025,-2.1,1.8,-0.033
2023,Minnesota Timberwolves,TRUE,-0.18,-1.1,-1,1.9,0.005,-0.006,0.011,0.015,1.1,-2.5,-0.003,-0.005,0.8,-1.7,0.017
2023,New Orleans Pelicans,FALSE,-0.26,-0.4,-2.3,0,0.013,-0.043,0.001,-0.002,0.4,0.7,0.013,-0.002,0.9,1.4,0.004
2023,New York Knicks,TRUE,0.06,3,0,-2,0.019,0.013,-0.004,-0.004,-1.1,4.3,0.009,-0.009,-1.1,1.1,0.002
2023,Oklahoma City Thunder,FALSE,-0.12,0.4,-0.6,2,-0.01,-0.018,-0.011,-0.014,-1.3,0.7,-0.001,0.002,1.9,-3.1,0.014
2023,Orlando Magic,FALSE,0.17,-3.2,-0.6,0.2,0.024,-0.026,-0.008,-0.013,0.9,-0.2,0.019,0.005,0.6,1.7,0.003
2023,Philadelphia 76ers,TRUE,0.06,2.9,-1.5,-2.2,0.034,0.002,0.027,0.018,0.1,-2.4,0.042,-0.004,0.5,1.2,0.009
2023,Phoenix Suns,TRUE,0.01,0.3,-1.8,-0.9,-0.025,-0.025,-0.011,-0.01,-0.5,2.6,-0.017,-0.013,0.4,0,0.026
2023,Portland Trail Blazers,FALSE,0.05,0,4,-0.5,0.023,0.026,0.008,0.004,0.6,-1.6,0.022,0.018,-0.4,-1.1,0.009
2023,Sacramento Kings,TRUE,-0.35,4.6,2,1.2,0.018,0.036,0.027,0.027,-0.5,-1.3,0.017,0.018,0.1,1.2,-0.005
2023,San Antonio Spurs,FALSE,0.22,-4.6,5.2,2.5,-0.037,-0.039,-0.027,-0.02,0.5,1.6,-0.038,0.031,-0.5,-1.1,-0.007
2023,Toronto Raptors,FALSE,0.12,0.7,-0.8,-2,-0.009,-0.036,-0.026,-0.028,-2.2,3.8,-0.007,0.02,2.8,0.7,0.015
2023,Utah Jazz,FALSE,-0.09,1,1.9,1.4,-0.001,0.034,0.003,0.002,0.8,2.8,0.001,-0.004,-1.6,-0.8,-0.003
2023,Washington Wizards,FALSE,0.15,-0.4,0.8,-0.5,-0.008,-0.022,0.004,0.005,0.2,-1.4,-0.006,-0.005,-1.5,0.1,-0.014
2022,Atlanta Hawks,TRUE,-0.01,4.5,2.9,-0.5,0.005,-0.009,0.015,0.011,-1.5,-0.2,0.013,0.011,-0.8,0.1,-0.015
2022,Boston Celtics,TRUE,-0.26,2.4,-5.1,-1.6,-0.009,0.026,0.012,0.01,0.1,0.8,0.003,-0.03,0.2,0.5,-0.009
2022,Brooklyn Nets,TRUE,0.04,1.6,0.8,0.8,-0.002,-0.04,0.01,0.008,0.2,0.7,0.006,-0.011,-0.6,-1.7,0.009
2022,Chicago Bulls,TRUE,0.02,1.2,1.6,0.1,0,-0.067,0.013,0.009,-0.5,-2.8,0.009,0.009,-0.4,1.5,0.007
2022,Charlotte Hornets,FALSE,0.09,2.1,1.7,1.8,-0.014,0.019,0.006,0.012,-0.7,0.1,-0.019,0.012,0.8,-2,-0.005
2022,Cleveland Cavaliers,FALSE,-0.08,-0.1,-2.3,-2.1,0.013,-0.012,0.005,0.006,0.9,0.8,0.006,-0.012,0,-0.3,-0.02
2022,Dallas Mavericks,TRUE,-0.18,0.8,-2.6,-2.8,0.001,0.04,0.006,0.006,-0.6,-1.9,0,-0.011,-0.1,1.2,-0.007
2022,Denver Nuggets,TRUE,-0.15,2.5,0.1,-0.4,-0.004,0.017,0.024,0.024,0.9,-1.3,0.002,0.005,-0.6,1.5,-0.004
2022,Detroit Pistons,FALSE,0.37,-6,1.8,0.2,0.001,-0.008,-0.033,-0.038,0.3,0.2,0.002,0.009,0.8,-1.2,0.034
2022,Golden State Warriors,TRUE,-0.02,0.5,-5.1,0.2,-0.013,0.057,0.016,0.02,1.2,-0.4,-0.011,-0.023,0.7,1.9,0.009
2022,Houston Rockets,FALSE,0.22,-3.6,4.7,2.7,0.036,0.049,-0.001,0.002,2.2,-1.5,0.01,0.022,0,-2.4,0.014
2022,Indiana Pacers,FALSE,0.22,0.6,4.1,-0.2,-0.009,-0.004,-0.002,-0.001,0.4,2.3,-0.008,0.02,-0.4,-0.6,0.012
2022,Los Angeles Clippers,FALSE,0.06,-1.9,-1.9,-0.2,-0.024,-0.008,-0.002,-0.001,0.2,-2.6,-0.014,-0.018,-0.3,-2.4,-0.025
2022,Los Angeles Lakers,FALSE,-0.03,-1.7,1.3,1.9,0.011,-0.011,0.001,0.005,0.5,-2.1,-0.002,0.008,-0.1,-1,0
2022,Memphis Grizzlies,TRUE,-0.32,2.6,-3,2.1,-0.003,-0.053,-0.013,-0.01,-1.1,6.8,-0.012,-0.009,1,1,0.003
2022,Miami Heat,TRUE,-0.22,1.7,-2.9,-2.3,0.004,0.023,0.018,0.015,1.1,0.3,0.012,-0.008,1.5,1.2,0.017
2022,Milwaukee Bucks,TRUE,-0.14,3.1,-0.2,1.7,0.009,0.031,0.014,0.014,-0.4,-0.2,0.007,0.004,-0.7,1.8,-0.027
2022,Minnesota Timberwolves,TRUE,-0.1,2.3,-0.3,2.7,0.006,0.055,0.007,0.007,0.1,1.2,0.006,0.003,1.9,-1.9,0.035
2022,New Orleans Pelicans,TRUE,0.15,0,1,-1,0.016,-0.034,-0.009,-0.015,0.2,3.7,0.016,0.015,0.7,1.4,0.004
2022,New York Knicks,FALSE,0.11,-1.6,-1.5,-2.3,0.032,0.029,-0.016,-0.019,-0.3,1.9,0.016,-0.011,-0.6,2,0.006
2022,Oklahoma City Thunder,FALSE,0.2,-7.4,0.8,0.4,-0.025,0.02,-0.036,-0.035,0.2,-1.4,-0.023,0.001,-0.5,-0.7,-0.023
2022,Orlando Magic,FALSE,0.33,-7.5,0.5,1,-0.025,0.018,-0.028,-0.029,0.7,-3.4,-0.017,0,-0.6,0.4,0.004
2022,Philadelphia 76ers,TRUE,-0.04,1.5,-1.2,-2,0.034,-0.023,0.012,0.002,-0.7,-3.1,0.04,-0.008,-0.2,0,0
2022,Phoenix Suns,TRUE,-0.56,2.8,-4.7,1.6,-0.027,-0.045,0.015,0.017,-0.7,-0.9,-0.016,-0.022,0.7,0.3,0.003
2022,Portland Trail Blazers,FALSE,0.33,-4.2,4.9,0.1,0,0.023,-0.016,-0.017,0.7,-0.3,-0.004,0.027,0.4,0.1,0.03
2022,Sacramento Kings,FALSE,0.2,-2.1,3.3,1.6,0.016,-0.022,-0.005,-0.007,0.2,-1.9,0.011,0.019,-0.4,-0.8,-0.016
2022,San Antonio Spurs,FALSE,-0.1,0.4,0.3,1.8,-0.028,-0.054,-0.01,-0.005,-1.2,0.5,-0.026,0,-0.2,-1.7,-0.016
2022,Toronto Raptors,TRUE,0.08,0.9,-1.5,-2.2,-0.014,-0.024,-0.023,-0.022,-1.3,5.2,-0.015,0.003,2.1,-1.2,0.007
2022,Utah Jazz,TRUE,-0.37,4.7,-1.5,-1.1,0.023,0.069,0.023,0.023,0.4,2.2,0.016,-0.011,-1.4,1.5,-0.028
2022,Washington Wizards,FALSE,0.15,-0.9,2.5,-1.2,0.004,-0.043,0.002,0,-0.2,-2.3,0.005,-0.003,-1.6,0.1,0.01
2021,Atlanta Hawks,TRUE,-0.18,3.4,1,-1.6,0.031,-0.01,0.009,0.001,-0.5,2.2,0.034,-0.008,-1.3,0,-0.002
2021,Boston Celtics,TRUE,-0.14,1.7,0.2,-0.9,-0.013,0.017,0.002,0.005,0.1,2.1,-0.011,0.001,0.4,0.3,0.023
2021,Brooklyn Nets,TRUE,-0.27,6,1.5,0.3,0.011,0.021,0.038,0.037,-0.2,-0.8,0.016,-0.007,-1.3,-0.5,-0.005
2021,Chicago Bulls,FALSE,-0.05,-1.2,-0.3,-0.2,-0.05,-0.009,0.003,0.009,1.2,0.1,-0.036,0,-0.8,2.5,0.004
2021,Charlotte Hornets,FALSE,-0.01,-1.4,0.5,-0.9,-0.009,0.03,-0.008,-0.006,0.9,1.3,-0.011,0.012,0.8,-2.1,-0.029
2021,Cleveland Cavaliers,FALSE,0.25,-6.5,2.1,-1.9,0.014,-0.045,-0.029,-0.03,1.5,1.4,0.002,0.018,0.6,-1.2,-0.009
2021,Dallas Mavericks,TRUE,-0.01,3.1,0.7,-1.9,-0.005,0.044,0.01,0.012,-1.3,-1.1,-0.003,-0.004,-0.9,0,0.005
2021,Denver Nuggets,TRUE,-0.11,4.8,-0.2,-2.1,-0.028,-0.009,0.016,0.019,-0.3,2.5,-0.016,0.007,0.5,1.1,0.008
2021,Detroit Pistons,FALSE,0.09,-4.3,0.2,-1.3,0.026,-0.007,-0.016,-0.019,1.1,-0.3,0.015,0.003,0.2,-0.9,0.003
2021,Golden State Warriors,FALSE,0.04,-1.2,-2.2,3,-0.008,0.047,0.011,0.013,0.9,-4.3,-0.004,-0.016,0.7,-1.2,0.031
2021,Houston Rockets,FALSE,0.4,-5.2,2.6,2.2,0.005,0.067,-0.019,-0.017,0.6,-2.4,-0.005,0.017,0.5,-0.7,0.009
2021,Indiana Pacers,FALSE,-0.08,0.1,0.1,2.4,-0.02,-0.02,0.003,0.004,-0.5,-2,-0.012,-0.007,0.3,-2.9,0.009
2021,Los Angeles Clippers,TRUE,-0.16,5.3,-1.1,-2.3,-0.025,0.008,0.027,0.026,-0.2,0.5,-0.006,-0.007,-0.5,1.3,-0.006
2021,Los Angeles Lakers,TRUE,-0.03,-2.4,-5.2,-0.5,0.024,-0.029,-0.003,-0.002,1.2,0.3,0.008,-0.012,1.3,1.9,-0.008
2021,Memphis Grizzlies,TRUE,0.04,-0.3,-1.3,1.2,-0.015,-0.05,-0.012,-0.01,-0.8,2,-0.013,-0.003,0.7,0.5,0.004
2021,Miami Heat,TRUE,-0.09,-1.1,-1.1,-2.6,0.005,0.04,0.009,0.008,0.7,-2.8,0.007,0.004,1.4,0.1,-0.009
2021,Milwaukee Bucks,TRUE,-0.32,4.9,-0.9,3,-0.014,0.012,0.021,0.028,-0.4,1.1,-0.015,-0.002,-0.9,1.9,-0.035
2021,Minnesota Timberwolves,FALSE,0.31,-2.8,2.7,2.4,0.007,0.021,-0.017,-0.018,0,0.5,0.001,0.018,0.9,-1,0.015
2021,New Orleans Pelicans,FALSE,0.1,1.2,1.5,0.9,0.046,-0.05,-0.002,-0.001,0.3,4.1,0.022,0.012,-0.5,2.2,-0.006
2021,New York Knicks,TRUE,-0.18,-1.7,-4.1,-3.3,-0.005,-0.045,-0.013,-0.014,-0.5,-0.3,-0.002,-0.029,-0.7,0.8,0.004
2021,Oklahoma City Thunder,FALSE,0.51,-8.8,1.7,1.8,-0.005,0.007,-0.033,-0.029,1.8,-1,-0.016,0.009,-0.9,0.1,-0.025
2021,Orlando Magic,FALSE,0.29,-7.2,2.2,-0.5,-0.007,-0.036,-0.045,-0.048,-0.9,-0.6,-0.006,0.009,-0.9,0.4,-0.023
2021,Philadelphia 76ers,TRUE,-0.31,0.9,-4.7,0.3,0.046,-0.045,0.007,0.003,0.4,1,0.033,-0.017,1.4,0.4,0.008
2021,Phoenix Suns,TRUE,-0.15,4.9,-1,-2,-0.035,0,0.025,0.026,-0.9,-1.4,-0.015,-0.004,0,0.7,0.002
2021,Portland Trail Blazers,TRUE,0.01,5.5,3.7,-0.8,-0.009,0.056,0.005,0.002,-2.5,0.8,0.003,0.008,-1.2,-0.3,0.011
2021,Sacramento Kings,FALSE,0.23,1.3,4.9,0.8,0.001,-0.016,0.006,0.011,-0.4,-0.9,-0.007,0.019,-0.3,-2.8,0.007
2021,San Antonio Spurs,FALSE,0.15,-1.3,0.5,-0.3,-0.004,-0.078,-0.018,-0.021,-2.2,-2.2,0,0.003,-0.6,-0.5,-0.018
2021,Toronto Raptors,FALSE,-0.07,-0.3,0.2,0,-0.006,0.052,-0.005,-0.009,-0.5,-1.4,0.004,0.005,2,-1.5,0.042
2021,Utah Jazz,TRUE,-0.29,5.3,-4,-0.7,-0.003,0.096,0.025,0.025,0.3,2.3,0.003,-0.031,-2.1,1.5,-0.033
2021,Washington Wizards,TRUE,-0.01,-1.1,0.7,4.9,0.041,-0.073,-0.003,-0.007,-0.1,-0.9,0.029,0.001,0.1,-0.2,0.025
2020,Atlanta Hawks,FALSE,0.27,-3.4,4.2,2.7,-0.002,0.014,-0.011,-0.014,1,-0.9,0.003,0.014,-0.1,-2.6,0.032
2020,Boston Celtics,TRUE,-0.47,2.7,-3.6,-0.8,-0.001,0.002,0.005,0.002,-0.6,1.4,0.006,-0.02,0.7,-0.1,0.014
2020,Brooklyn Nets,TRUE,-0.44,-1.7,-1.1,1.1,0.007,0.039,-0.011,-0.009,0.3,0.7,-0.002,-0.018,-1.8,0.3,-0.014
2020,Chicago Bulls,FALSE,-0.93,-3.9,-0.8,-0.6,-0.029,0.012,-0.018,-0.014,0.9,0.3,-0.026,0.017,3.5,-1.9,0.038
2020,Charlotte Hornets,FALSE,-0.28,-4.3,2.7,-4.5,-0.008,0.015,-0.026,-0.025,0.5,1.4,-0.013,0.017,0.3,-3.1,-0.042
2020,Cleveland Cavaliers,FALSE,0.12,-3.1,4.8,-1.6,-0.033,-0.022,-0.012,-0.007,1.8,2.1,-0.029,0.031,-1.1,-0.1,-0.037
2020,Dallas Mavericks,TRUE,-0.07,6.1,1.1,-1,0.004,0.073,0.016,0.016,-1.6,0.7,0.005,-0.004,-2.2,0.2,-0.026
2020,Denver Nuggets,TRUE,0.24,2.5,0.4,-3.2,-0.025,-0.04,0.002,0.006,-0.5,2.3,-0.018,0.004,0.1,-0.7,-0.003
2020,Detroit Pistons,FALSE,-0.82,-1.6,2.1,-2.7,0.001,-0.003,-0.004,0,1,0.1,-0.007,0.012,-0.1,-1.6,-0.015
2020,Golden State Warriors,FALSE,0.59,-5.4,3.2,0,0.004,-0.029,-0.025,-0.032,0.4,-1,0.011,0.024,0.9,-1.1,-0.008
2020,Houston Rockets,TRUE,0.17,2.3,-0.5,3.4,0.028,0.117,0.013,0.008,-0.2,-1.5,0.027,0,0.9,-1.9,-0.004
2020,Indiana Pacers,TRUE,-0.33,-0.6,-2.6,-1.4,-0.044,-0.067,0,0.005,-0.8,-2.5,-0.031,-0.018,0.2,-0.8,-0.009
2020,Los Angeles Clippers,TRUE,0.21,3.3,-3,1.2,0.035,-0.009,0.012,0.006,-0.2,1,0.032,-0.023,-0.6,0.1,0.005
2020,Los Angeles Lakers,TRUE,0.49,1.4,-4.3,0.6,0.016,-0.026,0.008,0.013,0.5,2,0,-0.014,1.3,1.3,0.004
2020,Memphis Grizzlies,FALSE,0.16,-1.4,-0.3,2.5,-0.02,-0.038,-0.004,-0.001,0.4,0.5,-0.018,-0.008,-0.1,0.3,0.016
2020,Miami Heat,TRUE,-0.35,1.9,-1.1,-2,0.039,0.035,0.022,0.018,0.7,-2.2,0.033,-0.006,-0.2,2,0.012
2020,Milwaukee Bucks,TRUE,-0.67,1.8,-7.7,4.8,0.011,0.044,0.018,0.023,0.1,-1.8,0,-0.04,-0.8,4.1,-0.023
2020,Minnesota Timberwolves,FALSE,0.28,-2.5,1.6,3.1,0.017,0.049,-0.014,-0.015,0.2,-0.4,0.008,0.012,0.4,-0.3,0.017
2020,New Orleans Pelicans,FALSE,0.74,0.1,1.3,3.4,-0.004,0.019,0.003,0.01,1.1,1.7,-0.015,0.003,-0.4,0.3,0.011
2020,New York Knicks,FALSE,-0.26,-4.1,2.4,-1.7,0.003,-0.066,-0.034,-0.028,-0.2,3.3,-0.019,0.012,-0.4,0.8,0.023
2020,Oklahoma City Thunder,TRUE,0.34,0.2,-1.8,-1.5,0.03,-0.031,0.008,0.001,-0.4,-3.2,0.03,-0.011,-0.2,-0.7,-0.028
2020,Orlando Magic,TRUE,0.09,-2.1,-1.1,-1.7,-0.004,-0.02,-0.021,-0.023,-1.3,-0.2,-0.003,0.006,0.4,1.6,-0.025
2020,Philadelphia 76ers,TRUE,-0.13,0.7,-1.6,-1.3,-0.005,-0.024,0.001,0.005,-0.1,1.4,-0.008,-0.006,-0.3,2.8,0.013
2020,Phoenix Suns,FALSE,0.35,1.1,0.8,1,0.011,-0.023,0.011,0.003,0.2,-0.3,0.025,0.01,0.9,1.3,0.02
2020,Portland Trail Blazers,TRUE,0.54,3.1,4.2,0.4,-0.018,-0.01,0.005,0.004,-1.6,-0.1,-0.007,0.001,-1.6,-2.2,0.007
2020,Sacramento Kings,FALSE,0.46,-0.4,1.6,-1.4,-0.03,0.011,0.001,0.005,0.2,-0.6,-0.024,0.014,0.8,0.9,0.024
2020,San Antonio Spurs,FALSE,0.46,1.8,2.9,0.2,0.002,-0.066,0.007,0.002,-1.6,-2.4,0.011,0.013,-1.1,1.7,-0.008
2020,Toronto Raptors,TRUE,-0.26,0.5,-5.6,0.6,0.004,0.037,0.009,0.007,0.3,-1.2,0.009,-0.027,1.8,-0.8,0.001
2020,Utah Jazz,TRUE,0.05,1.7,-0.7,-1.7,0.008,0.03,0.02,0.02,0.9,-0.9,0.007,-0.011,-1.7,1.4,-0.016
2020,Washington Wizards,FALSE,-0.57,0.3,4.9,2.4,0.01,-0.026,-0.003,-0.006,-0.6,-0.3,0.012,0.029,1.1,-2.2,0.03
2019,Atlanta Hawks,FALSE,-0.04,-2.3,3.5,3.9,-0.004,0.044,-0.005,-0.002,1.9,1.8,-0.006,0.017,0.4,-0.7,0.039
2019,Boston Celtics,TRUE,-0.54,1.8,-2.6,-0.4,-0.044,0.022,0.007,0.01,-0.9,-1.3,-0.025,-0.01,1,-0.1,0
2019,Brooklyn Nets,TRUE,-0.33,-0.8,-0.7,0.8,0.025,0.044,-0.004,-0.004,0.6,0.9,0.013,-0.012,-0.8,-0.7,-0.008
2019,Chicago Bulls,FALSE,0.1,-5.6,2.8,-1,-0.024,-0.064,-0.019,-0.019,0.3,-3.5,-0.014,0.017,-0.5,0.2,-0.01
2019,Charlotte Hornets,FALSE,-0.22,1,2.1,-1.3,-0.002,0.019,-0.006,-0.01,-1.5,-1.2,0.007,0.014,-0.3,0,-0.019
2019,Cleveland Cavaliers,FALSE,0.22,-2.7,7.2,-3.4,-0.023,-0.027,-0.02,-0.021,-0.2,0.8,-0.011,0.04,-0.9,-0.1,-0.017
2019,Dallas Mavericks,FALSE,0.42,-1,0.3,-1,0.032,0.063,-0.005,-0.005,0.3,-0.2,0.018,-0.002,-0.8,0.4,-0.007
2019,Denver Nuggets,TRUE,0.24,2.6,-1.5,-2.3,-0.027,-0.011,-0.002,0.003,-0.5,3.7,-0.023,-0.003,-0.1,0.9,-0.004
2019,Detroit Pistons,TRUE,-0.31,-1.4,-1.2,-2.6,0.003,0.035,-0.016,-0.015,-0.1,1.9,-0.003,0.002,0.4,1.6,0.013
2019,Golden State Warriors,TRUE,-0.04,5.5,-0.9,0.9,-0.032,0.025,0.036,0.041,0.2,-0.4,-0.016,-0.016,-0.7,0,0.007
2019,Houston Rockets,TRUE,0.19,5.1,0.3,-2.1,0.02,0.16,0.021,0.018,-0.4,-0.1,0.023,0.001,1,-2.7,0.012
2019,Indiana Pacers,TRUE,-0.57,-0.5,-3.9,-1.9,-0.017,-0.067,0.001,0.006,0,-1,-0.016,-0.008,1.7,-0.9,-0.014
2019,Los Angeles Clippers,TRUE,0.23,2,1.1,1.7,0.067,-0.064,0.015,0.005,0.3,-0.9,0.06,-0.01,-1,-1.1,0.026
2019,Los Angeles Lakers,FALSE,0.39,-2.6,-0.9,3.2,-0.002,-0.017,-0.006,0.003,1,-0.7,-0.018,-0.008,-0.2,-0.7,-0.006
2019,Memphis Grizzlies,FALSE,0.51,-4.3,-1.6,-3.4,0.013,-0.017,-0.012,-0.016,0.5,-2.9,0.012,-0.003,1.5,0.5,0.034
2019,Miami Heat,FALSE,-0.22,-3.1,-2.8,-1.8,-0.012,0.009,-0.018,-0.009,0.7,1.9,-0.026,-0.014,0.3,0.5,0.003
2019,Milwaukee Bucks,TRUE,-0.82,3.4,-5.2,3.3,-0.004,0.06,0.023,0.026,-0.4,-2.1,-0.001,-0.021,-0.9,3.2,-0.036
2019,Minnesota Timberwolves,FALSE,0.48,1,2.5,0.2,0.008,-0.044,-0.008,-0.013,-1,1.7,0.012,0.014,0.5,-2.2,-0.008
2019,New Orleans Pelicans,FALSE,0.23,1,2.2,3.3,-0.005,-0.035,0.003,0.005,0.2,1.2,-0.005,0.008,-0.8,-0.3,-0.005
2019,New York Knicks,FALSE,0.28,-5.9,3.3,-0.4,0.011,-0.025,-0.031,-0.034,0,-0.8,0.007,0.009,-0.7,-1,0.005
2019,Oklahoma City Thunder,TRUE,0.15,-0.1,-3.4,2.8,0.007,-0.012,-0.015,-0.01,-0.7,3.1,-0.008,-0.001,2,1.1,0.008
2019,Orlando Magic,TRUE,-0.43,-1.5,-2.3,-1.9,-0.043,0.001,-0.01,-0.006,-0.5,-0.9,-0.03,-0.009,-0.6,2.6,-0.012
2019,Philadelphia 76ers,TRUE,-0.44,2.2,-0.4,1.6,0.053,-0.017,0.014,0.008,0.5,1.6,0.043,-0.012,-1.3,1.5,0.008
2019,Phoenix Suns,FALSE,0.73,-4.5,4.7,0.5,0,-0.024,-0.008,-0.01,1.4,-2.4,0.004,0.021,1.1,-4.6,0.038
2019,Portland Trail Blazers,TRUE,0.24,4.3,0.1,-0.9,-0.001,-0.02,0.008,0.004,-0.3,3.7,0.012,-0.008,-1.4,0.8,-0.003
2019,Sacramento Kings,FALSE,0.31,0,1.1,3.1,-0.015,-0.038,-0.006,0,-0.9,0.2,-0.021,0.009,1.2,-1.6,0.009
2019,San Antonio Spurs,TRUE,0.12,2.5,0.8,-1.7,-0.022,-0.073,0.012,0.01,-1.4,-1.9,-0.004,0.004,-1.4,2.3,-0.028
2019,Toronto Raptors,TRUE,-0.6,2.7,-3.3,0.2,-0.012,0.02,0.019,0.019,0,-1,0,-0.015,0.7,0,-0.008
2019,Utah Jazz,TRUE,0.03,0.5,-4.7,0.3,0.036,0.035,0.012,0.014,1,0,0.019,-0.017,0,3.2,-0.009
2019,Washington Wizards,FALSE,-0.4,0.7,3.5,1.4,0.007,0.011,0.007,0.007,-0.1,-1.6,0.006,0.022,1.1,-3,0.001
2018,Atlanta Hawks,FALSE,0.15,-3.6,2,1,-0.016,0.026,-0.009,-0.009,1.1,-1.2,-0.008,0.015,0.6,-1.5,-0.01
2018,Boston Celtics,TRUE,-0.35,-1,-4.7,-1.3,-0.009,0.02,-0.004,-0.003,0,-0.8,-0.005,-0.026,0,0.7,-0.002
2018,Brooklyn Nets,FALSE,0.07,-1.7,2,1.6,0.008,0.074,-0.005,-0.007,0.6,-1.3,0.008,-0.004,-2,-0.7,0.008
2018,Chicago Bulls,FALSE,0.2,-4.8,2.3,1,-0.036,0.013,-0.027,-0.024,-0.4,-1.7,-0.029,0.021,-0.6,2.9,-0.009
2018,Charlotte Hornets,FALSE,-0.19,0.8,0.5,1.1,0.06,-0.023,-0.007,-0.013,-1.6,-0.1,0.04,0.011,-0.6,3,-0.028
2018,Cleveland Cavaliers,TRUE,-0.35,4.3,3.3,0.7,0.023,0.042,0.028,0.026,-0.4,-2.2,0.021,0.019,-0.8,-0.4,-0.027
2018,Dallas Mavericks,FALSE,0.34,-2.3,0.9,-1.7,-0.035,0.045,-0.012,-0.008,-1.5,-4.3,-0.027,0.011,-0.2,1.2,0
2018,Denver Nuggets,FALSE,0.09,3.9,2.4,-0.5,0.006,0.02,0.014,0.015,0.4,3.4,0.005,0.018,-0.4,-0.2,-0.02
2018,Detroit Pistons,FALSE,-0.11,-1.4,-1.3,-1.1,-0.025,-0.004,-0.013,-0.009,-0.7,0.4,-0.024,0.003,0.7,0.8,-0.021
2018,Golden State Warriors,TRUE,-0.19,5,-0.9,2.3,-0.013,0.002,0.047,0.048,1.1,-1.3,0.002,-0.017,-0.4,-1.4,-0.007
2018,Houston Rockets,TRUE,-0.27,6.1,-2.5,0.3,0.046,0.165,0.034,0.03,-0.3,-1,0.04,0,0.4,2.2,-0.022
2018,Indiana Pacers,TRUE,-0.2,0.9,-0.5,-1.3,-0.03,-0.053,0.001,0.004,-0.7,0.4,-0.02,0.006,1.2,-1.5,-0.019
2018,Los Angeles Clippers,FALSE,0.11,1.7,1.6,1.4,0.047,-0.023,0.008,0.006,0.2,1.2,0.029,-0.001,-0.4,-1.6,0.01
2018,Los Angeles Lakers,FALSE,0.11,-2.1,-0.6,3,0.012,-0.008,-0.008,-0.004,0.8,1.3,-0.005,-0.007,-0.5,0,-0.003
2018,Memphis Grizzlies,FALSE,0.39,-4.1,2.4,-2.4,0.003,-0.02,-0.017,-0.021,1,0.1,0.008,0.008,0.8,-1.2,0.063
2018,Miami Heat,TRUE,-0.33,-1.8,-2.3,-1.7,-0.023,0.021,-0.005,-0.001,0.3,-0.8,-0.02,-0.014,0.1,1.3,0.022
2018,Milwaukee Bucks,TRUE,-0.15,1.2,1.5,-1,0.029,-0.04,0.015,0.01,-0.1,-1.9,0.027,0.007,1.2,-1.8,0.027
2018,Minnesota Timberwolves,TRUE,0.12,4.8,2.5,-1.3,0.028,-0.076,0.01,0.002,-1.6,2.1,0.032,0.018,0.9,-1.3,-0.004
2018,New Orleans Pelicans,TRUE,0.18,1,-0.3,3.2,-0.015,-0.018,0.017,0.02,0.3,-2.3,-0.01,-0.008,-0.5,-1,-0.018
2018,New York Knicks,FALSE,0.03,-1.5,2.1,-0.5,-0.036,-0.071,-0.012,-0.011,0.3,1.8,-0.023,0.001,-0.9,-1,0.015
2018,Oklahoma City Thunder,TRUE,0,2.1,-1.4,-0.6,0.023,0.008,-0.01,-0.007,-0.6,5.4,0.004,0.004,1.7,-0.3,0
2018,Orlando Magic,FALSE,-0.1,-3.4,1.5,0.8,-0.014,0.005,-0.011,-0.009,0.3,-2.3,-0.013,0.004,-0.2,-2.1,-0.006
2018,Philadelphia 76ers,TRUE,-0.2,0.9,-3.6,2.5,0.011,0.007,0.012,0.014,1.6,3,0.005,-0.029,-0.4,0.9,0.025
2018,Phoenix Suns,FALSE,0.57,-5.1,4.3,3,0.023,-0.017,-0.024,-0.026,0.9,0.2,0.01,0.012,-1.1,-1.2,0.019
2018,Portland Trail Blazers,TRUE,0,0.5,-2.2,-0.8,-0.012,-0.013,-0.007,-0.01,-0.7,1,-0.001,-0.018,-1.3,1.4,0
2018,Sacramento Kings,FALSE,0.39,-4.9,2.5,-2.4,-0.058,-0.059,-0.027,-0.019,-0.2,-0.8,-0.05,0.021,0.5,-0.1,0.006
2018,San Antonio Spurs,TRUE,0,-0.7,-3.8,-2.3,-0.007,-0.055,-0.013,-0.014,-0.8,1.4,-0.004,-0.014,0.2,0.9,-0.023
2018,Toronto Raptors,TRUE,-0.49,5.2,-2.7,0.1,-0.002,0.04,0.019,0.018,-0.9,0.7,0.005,-0.02,0,0,0.019
2018,Utah Jazz,TRUE,0.17,-0.2,-4.7,-1.6,0.008,0.02,0.008,0.006,0.7,-0.8,0.009,-0.015,1,2.1,-0.003
2018,Washington Wizards,TRUE,-0.06,0.7,0.1,-0.7,0.002,-0.027,0.004,0.004,0.3,1.2,0.003,0.001,0.6,-0.6,0.019
2017,Atlanta Hawks,TRUE,-0.38,-3.9,-3.1,1,0.024,-0.007,-0.011,-0.01,1.5,0.3,0.006,-0.007,1.1,-0.6,-0.03
2017,Boston Celtics,TRUE,-0.39,2.4,-0.4,0.4,0.002,0.077,0.015,0.011,-0.5,-2.1,0.011,-0.011,-0.1,-1.4,0.014
2017,Brooklyn Nets,FALSE,-0.01,-4.7,1.9,4.9,0.018,0.055,-0.001,-0.007,2,-3.7,0.019,-0.001,-1.1,-0.6,0.003
2017,Chicago Bulls,TRUE,-0.39,-1.4,-1.8,-1.1,-0.012,-0.06,-0.022,-0.027,-0.4,3.7,-0.003,-0.007,-0.3,0.1,-0.04
2017,Charlotte Hornets,FALSE,-0.26,0,-0.2,-0.7,0.008,0.019,-0.005,-0.013,-2,-3.4,0.018,0.009,-0.6,2.9,-0.045
2017,Cleveland Cavaliers,TRUE,-0.31,4.8,1.5,-0.2,0.004,0.083,0.028,0.033,-0.1,-1.4,-0.003,0.002,-1.3,-0.9,-0.035
2017,Dallas Mavericks,FALSE,0.4,-3.2,0,-4.2,-0.046,0.05,-0.011,-0.009,-1.1,-5.2,-0.029,0.015,1.7,0.9,0.009
2017,Denver Nuggets,FALSE,0.19,4.4,3.9,1.9,0.005,0.013,0.016,0.016,0.5,4,0.005,0.018,-1.8,2,-0.015
2017,Detroit Pistons,FALSE,-0.17,-2.8,-1.7,-1.4,-0.053,-0.053,-0.031,-0.022,-1.8,0.8,-0.052,0.002,-0.6,4.5,-0.012
2017,Golden State Warriors,TRUE,-0.28,6.8,-4.8,3.4,-0.012,0.043,0.045,0.049,0.5,-0.5,-0.005,-0.028,0.8,-1.8,-0.011
2017,Houston Rockets,TRUE,0.08,5.9,0.2,3.6,0.033,0.146,0.031,0.031,0.6,1.3,0.024,0.005,0.5,-0.9,-0.015
2017,Indiana Pacers,TRUE,-0.42,-0.2,0,-0.5,-0.01,-0.044,0.006,0.002,0.1,-2.1,0.003,-0.002,0.9,-1.2,0.016
2017,Los Angeles Clippers,TRUE,0.13,3.9,-0.6,-0.3,0.041,0.013,0.022,0.023,-0.7,-1.8,0.024,-0.008,-0.6,0.2,0.002
2017,Los Angeles Lakers,FALSE,0.58,-2.8,4.2,2.1,-0.012,-0.021,-0.015,-0.013,0.8,1.7,-0.014,0.028,0.3,-0.9,0.004
2017,Memphis Grizzlies,TRUE,0.47,-1.1,-1.7,-4.1,0.009,0,-0.017,-0.023,-0.6,1.5,0.01,-0.008,0.9,0.8,0.047
2017,Miami Heat,FALSE,-0.29,-1,-2.1,-1.2,-0.02,-0.002,-0.011,-0.002,-0.3,0.9,-0.032,-0.018,-0.1,-0.3,0.011
2017,Milwaukee Bucks,TRUE,-0.26,0.3,0.5,-1.9,0.003,-0.026,0.013,0.013,0.5,-1.8,0.001,0.004,0.9,-1.3,0.006
2017,Minnesota Timberwolves,FALSE,0.47,2,3.2,-1.8,0.016,-0.067,0.003,-0.003,0.2,3.9,0.02,0.021,0.5,-0.8,0.003
2017,New Orleans Pelicans,FALSE,0.41,-3.6,-1.4,1.6,-0.015,-0.008,-0.013,-0.01,-1,-4.8,-0.017,-0.005,-0.3,0.1,-0.032
2017,New York Knicks,FALSE,-0.2,-1.1,2.7,-0.4,-0.032,-0.037,-0.018,-0.018,-0.3,3.3,-0.021,-0.003,-1,-2.6,0.005
2017,Oklahoma City Thunder,TRUE,0.39,-0.5,-1.3,1.4,0.024,-0.021,-0.012,-0.014,0.5,4.6,0.011,-0.003,-0.2,2.3,0.009
2017,Orlando Magic,FALSE,-0.04,-5.1,1.7,0.4,-0.025,-0.016,-0.028,-0.025,-0.6,-1.7,-0.025,0.009,-0.8,0.7,-0.008
2017,Philadelphia 76ers,FALSE,-0.14,-5.6,0.1,2.1,-0.013,0.033,-0.013,-0.013,2.2,-0.9,-0.01,-0.002,0.8,-1.4,0.025
2017,Phoenix Suns,FALSE,0.49,-2.2,3.4,3.9,0.026,-0.061,-0.014,-0.021,0.7,2.7,0.022,0.011,0.4,-0.3,0.055
2017,Portland Trail Blazers,TRUE,0.3,1.5,2,0.3,0.004,0.006,0.007,0.006,-0.2,-0.3,0.005,-0.006,-1.1,0.1,0.032
2017,Sacramento Kings,FALSE,0.58,-1.5,2.5,-1.5,0.013,-0.025,0.004,0.002,1,-2.3,0.011,0.014,0.2,-0.4,0.018
2017,San Antonio Spurs,TRUE,-0.06,2.3,-5.3,-2.2,-0.008,-0.035,0.012,0.01,-0.1,0.7,0.001,-0.022,0.8,0.9,-0.017
2017,Toronto Raptors,TRUE,-0.56,3.5,-1,-1.7,0.022,-0.027,0.009,0.003,-0.9,1.7,0.024,-0.007,0.8,-0.4,0.014
2017,Utah Jazz,TRUE,0.06,0.8,-3.5,-4.8,0.017,0.011,0.011,0.012,0.5,-0.1,0.006,-0.021,-0.9,2.2,-0.014
2017,Washington Wizards,TRUE,-0.45,2.4,0.5,1,-0.017,-0.032,0.012,0.014,0.1,0.8,-0.01,0.01,1.1,-1.2,0.004
2016,Atlanta Hawks,TRUE,-0.12,-1.3,-5,1.3,-0.039,0.051,0.011,0.014,0.6,-4.7,-0.024,-0.022,1.2,-1.6,-0.015
2016,Boston Celtics,TRUE,-0.37,0.4,-2.8,2.7,-0.012,0.008,-0.01,-0.014,-1.1,1.3,-0.001,-0.015,1.4,-1.6,0.022
2016,Brooklyn Nets,FALSE,0.24,-3.2,4.5,-0.6,-0.03,-0.067,-0.014,-0.01,0.4,0.3,-0.023,0.032,-0.1,-0.5,-0.033
2016,Chicago Bulls,FALSE,0.01,-1.4,0.1,-0.1,-0.036,-0.041,-0.015,-0.015,-0.6,0.7,-0.02,-0.017,-2.5,-1.3,-0.027
2016,Charlotte Hornets,TRUE,-0.36,0.8,-2.1,-0.2,0.004,0.063,0.004,0,-1.5,-3.8,0.013,-0.006,-0.7,3.6,-0.018
2016,Cleveland Cavaliers,TRUE,-0.55,4.5,-1.9,-2.5,-0.017,0.067,0.017,0.022,-0.5,1.3,-0.015,-0.006,-0.6,2.3,-0.004
2016,Dallas Mavericks,TRUE,0.29,0.3,0.6,-1.5,-0.011,0.054,0.003,0,-1.2,-3.2,0.002,0.002,-0.4,0,-0.011
2016,Denver Nuggets,FALSE,0.29,-0.8,2.5,-0.1,0.006,-0.008,-0.01,-0.013,0,2,0.007,0.013,-0.6,1.1,0.007
2016,Detroit Pistons,TRUE,-0.18,-0.3,-0.9,-0.7,0.02,0.018,-0.019,-0.011,-1,3.2,-0.012,0.002,-0.7,3.1,-0.013
2016,Golden State Warriors,TRUE,-0.38,8.1,-2.6,3.5,-0.026,0.077,0.052,0.061,0.3,-0.3,-0.018,-0.023,-0.6,-0.2,-0.001
2016,Houston Rockets,TRUE,0.14,1.9,1.7,1.8,0.076,0.085,0.012,0.014,1,1.9,0.035,0.014,1.6,-3.4,0.01
2016,Indiana Pacers,TRUE,-0.09,-1.8,-3.5,0.8,-0.008,-0.015,-0.005,-0.005,0.3,-0.4,-0.004,-0.013,1.1,-0.2,-0.004
2016,Los Angeles Clippers,TRUE,-0.15,1.9,-2.6,0,0.042,0.039,0.015,0.022,-1.1,-3.7,0.011,-0.022,0.6,-2.4,0.013
2016,Los Angeles Lakers,FALSE,0.64,-4.8,5.2,-0.2,0.016,0.005,-0.032,-0.042,-0.7,-0.7,0.019,0.021,-1.6,-1.5,-0.007
2016,Memphis Grizzlies,TRUE,0.11,-1,1.4,-2.5,0.019,-0.063,-0.017,-0.025,-0.9,1.5,0.022,0.016,2,-1.1,0.042
2016,Miami Heat,TRUE,-0.14,-0.3,-2,-2.2,0.006,-0.064,0.004,0.006,0.1,0,0.001,-0.017,-1.1,1.6,-0.013
2016,Milwaukee Bucks,FALSE,0.2,-2.1,2.3,-1.6,0,-0.096,-0.004,-0.003,1,1.1,-0.002,0.008,1,-3.1,0.012
2016,Minnesota Timberwolves,FALSE,0.15,0.1,3.7,-0.6,0.056,-0.083,0.008,-0.004,0.7,0.5,0.054,0.022,0.4,-1.5,-0.009
2016,New Orleans Pelicans,FALSE,0.24,-0.8,3.1,1,-0.017,-0.008,-0.004,-0.004,-0.9,-2.6,-0.008,0.021,-0.5,2.6,0.016
2016,New York Knicks,FALSE,0,-1.8,1.2,-2.4,-0.021,-0.029,-0.014,-0.019,-0.6,-0.1,-0.004,-0.015,-2.7,-0.4,-0.005
2016,Oklahoma City Thunder,TRUE,-0.19,6.7,-0.8,0.9,0.016,-0.01,0.024,0.022,0.8,7.3,0.019,-0.018,-1.5,-0.2,-0.004
2016,Orlando Magic,FALSE,-0.06,-1.3,0.4,0.2,-0.044,-0.03,-0.008,-0.002,-0.4,-0.7,-0.034,0.011,0.6,0.3,0.006
2016,Philadelphia 76ers,FALSE,0.31,-7.6,2.8,2.1,-0.007,0.042,-0.022,-0.015,1.6,-3.2,-0.023,0.008,0.3,-2.2,0.031
2016,Phoenix Suns,FALSE,0.34,-4.2,2.6,2.7,-0.005,0.017,-0.015,-0.015,2,1.6,-0.005,0.021,0.3,0.9,0.028
2016,Portland Trail Blazers,TRUE,0.15,2.4,1.6,0.2,-0.008,0.047,0.007,0.009,0,2.1,-0.007,0.001,-1.1,0,0.016
2016,Sacramento Kings,FALSE,0.16,-0.4,2,4.2,0.019,-0.025,0.005,0.008,1,0.1,0.005,0.019,0.8,-1.3,-0.007
2016,San Antonio Spurs,TRUE,-0.36,3.9,-7.4,-2,-0.03,-0.062,0.023,0.024,-0.8,-0.8,-0.012,-0.025,0.9,2.9,-0.027
2016,Toronto Raptors,TRUE,-0.42,3.6,-1.2,-2.9,0.052,0.002,0.011,0.002,-0.9,0.8,0.046,-0.004,-0.5,1.5,-0.008
2016,Utah Jazz,FALSE,0.05,-0.5,-2.5,-4.8,0.01,0.012,-0.001,-0.001,1,2.1,0.004,-0.007,0.3,1.5,0.001
2016,Washington Wizards,FALSE,0,-1.1,-0.6,2.7,-0.013,-0.003,0.003,0.009,-0.1,-3.2,-0.017,0.013,1.4,1.5,0.009
2015,Atlanta Hawks,TRUE,-0.68,3.3,-2.5,0,-0.014,0.053,0.029,0.031,0.2,-3.7,-0.004,-0.004,1.6,-1.5,-0.02
2015,Boston Celtics,TRUE,-0.56,-0.9,-1.1,1.9,-0.04,0.012,-0.011,-0.007,-0.8,-0.4,-0.029,-0.002,0.4,0.1,0.003
2015,Brooklyn Nets,TRUE,-0.25,-1.2,1.8,-1.2,-0.006,-0.028,-0.005,-0.005,-0.3,-1.2,-0.005,0.01,-0.4,-1.2,-0.02
2015,Chicago Bulls,TRUE,-0.46,1.9,-1.3,-1.1,0.031,0.001,0.002,-0.007,-0.4,1.9,0.033,-0.023,-2,-0.5,-0.023
2015,Charlotte Hornets,FALSE,-0.27,-5.5,-2.1,-0.9,-0.004,-0.042,-0.036,-0.04,-2.1,-3,-0.003,-0.009,-1.3,4.4,-0.017
2015,Cleveland Cavaliers,TRUE,-0.4,5.5,0.7,-1.6,0.014,0.066,0.023,0.024,0.1,1.7,0.011,0.006,-0.7,-0.2,-0.028
2015,Dallas Mavericks,TRUE,0.46,3.9,0.8,1.3,-0.011,0.028,0.016,0.019,-1.4,-1.5,-0.008,0.007,1.4,-2.7,-0.001
2015,Denver Nuggets,FALSE,0.48,-1.1,2.6,2.2,0.005,0.016,-0.016,-0.017,-0.6,1.5,-0.001,0.008,-0.3,-0.2,0.034
2015,Detroit Pistons,FALSE,-0.39,-0.3,0.8,-1.1,-0.012,0.022,-0.019,-0.014,-1,2.6,-0.021,0.006,-0.1,0.1,-0.013
2015,Golden State Warriors,TRUE,-0.09,6,-4.2,4.4,-0.034,0.043,0.037,0.044,-0.2,-1,-0.021,-0.026,1,-0.4,0.012
2015,Houston Rockets,TRUE,0.38,1.4,-2.2,2.6,0.039,0.124,0.014,0.016,1.7,1.7,0.018,-0.01,1.3,-2,0.003
2015,Indiana Pacers,FALSE,-0.51,-2.1,-2.4,-0.7,-0.007,-0.013,-0.011,-0.012,-0.2,-1.1,-0.004,-0.018,-1.3,3,0.012
2015,Los Angeles Clippers,TRUE,0.22,6.8,-0.1,0.8,0.03,0.054,0.031,0.037,-1.7,-2.3,0.01,-0.003,-0.1,0.8,0.026
2015,Los Angeles Lakers,FALSE,0.67,-2.2,5,0.1,0.003,-0.048,-0.021,-0.023,-1.2,0.3,-0.001,0.022,-1.2,1.4,0.026
2015,Memphis Grizzlies,TRUE,0.38,0.1,-3.4,-1.9,0.003,-0.084,-0.003,-0.007,-0.7,-0.4,0.009,-0.004,1.2,0.4,-0.022
2015,Miami Heat,FALSE,-0.32,-1.7,1.1,-3,0.033,-0.006,0.006,0.004,1.2,-1.9,0.022,0.009,0.9,-1.5,0.008
2015,Milwaukee Bucks,TRUE,-0.52,-2.9,-3.4,0.2,-0.015,-0.045,0.002,0.003,2.2,0.3,-0.01,-0.009,2.6,-1.6,0.016
2015,Minnesota Timberwolves,FALSE,0.79,-2.7,6.6,0.5,0.036,-0.089,-0.017,-0.028,0.4,1.5,0.035,0.041,0.6,-3.3,-0.018
2015,New Orleans Pelicans,TRUE,0.34,2.6,1.7,-2.5,-0.01,-0.035,0.003,0.005,-0.8,2,-0.007,0,-1.6,0.2,-0.01
2015,New York Knicks,FALSE,-0.18,-5.7,4.4,-2.7,-0.039,-0.028,-0.026,-0.026,0.7,-0.6,-0.025,0.016,0,-1.8,0.029
2015,Oklahoma City Thunder,FALSE,0.28,2.2,-0.1,1.8,0.011,-0.006,-0.002,-0.004,-0.2,3.8,0.009,-0.007,-0.9,0.7,0.008
2015,Orlando Magic,FALSE,-0.15,-4,2.1,-0.1,-0.043,-0.033,-0.01,-0.002,0.7,-2,-0.037,0.018,0.3,1.1,0.005
2015,Philadelphia 76ers,FALSE,-0.07,-10.1,-0.8,1.8,0.015,0.051,-0.04,-0.037,2.7,0.4,-0.01,0.001,1.9,-1.9,0.02
2015,Phoenix Suns,FALSE,0.52,-0.3,0.6,2.4,-0.022,0.023,0.003,0.005,0.4,-0.6,-0.014,0.001,0.7,-1.4,0.016
2015,Portland Trail Blazers,TRUE,0.18,2.6,-1.9,0.3,-0.048,0.048,0.01,0.012,-0.7,-0.9,-0.025,-0.02,-2,1.3,-0.023
2015,Sacramento Kings,FALSE,0.64,-0.3,3.6,1.5,0.09,-0.064,0.008,-0.006,1.5,1.4,0.071,0.011,-1.5,0.3,-0.005
2015,San Antonio Spurs,TRUE,0.14,2.9,-3.6,-0.1,-0.017,0.001,0.021,0.021,-0.2,-1.7,-0.005,-0.012,0,2.4,-0.015
2015,Toronto Raptors,TRUE,-0.62,5.4,2.1,-1.1,0.022,0.034,0.019,0.012,-1.3,0.5,0.027,0.01,0.1,-1.6,0.003
2015,Utah Jazz,FALSE,0.49,-0.5,-0.7,-3.5,0.024,0.006,-0.003,-0.002,1.3,4,0.009,-0.005,-0.5,1.4,-0.006
2015,Washington Wizards,TRUE,-0.55,-1.9,-2.6,-0.2,-0.014,-0.065,0,0.003,0.7,-0.2,-0.013,-0.015,-0.4,2.4,0.005
2014,Atlanta Hawks,TRUE,-0.4,-0.8,-0.3,0.7,-0.018,0.057,0.013,0.014,0.7,-4.5,-0.007,0.009,0.4,-0.1,-0.019
2014,Boston Celtics,FALSE,-0.51,-3.8,1,-0.6,-0.036,-0.008,-0.024,-0.024,0.6,1.9,-0.022,0.004,-0.2,-0.3,0.012
2014,Brooklyn Nets,TRUE,-0.58,0,1,-2.5,0.029,0.042,0.014,0.013,0.5,-3.8,0.021,0.008,1.3,-2.2,0.021
2014,Charlotte Bobcats,TRUE,-0.67,-3.1,-2.9,-1.5,0.013,-0.04,-0.019,-0.02,-1.9,-3.6,0.004,-0.01,-1,3.1,-0.032
2014,Chicago Bulls,TRUE,-0.66,-4.2,-6.2,-3.7,0.006,-0.037,-0.023,-0.03,0.6,1.7,0.011,-0.03,0.1,0.9,-0.026
2014,Cleveland Cavaliers,FALSE,-0.57,-2.5,1,-0.8,-0.016,-0.023,-0.023,-0.022,-0.6,1.7,-0.014,0.007,-0.6,1.3,-0.016
2014,Dallas Mavericks,TRUE,0.5,4.5,2,-0.4,-0.031,0.015,0.023,0.025,-0.9,-0.9,-0.014,0.014,1.2,-1.8,0.014
2014,Denver Nuggets,FALSE,0.75,-0.7,1.5,4.2,0.022,0.019,-0.005,-0.004,0.4,2,0.007,-0.001,-0.8,0,0.018
2014,Detroit Pistons,FALSE,-0.48,-0.8,3,1,0.012,-0.037,-0.027,-0.019,-0.7,5.9,-0.016,0.019,0.2,-1.1,0.003
2014,Golden State Warriors,TRUE,0.34,0.8,-4.1,2.3,-0.037,0.032,0.009,0.016,0.2,-0.4,-0.029,-0.024,0,1.8,0.009
2014,Houston Rockets,TRUE,0.5,4.3,-0.4,2.4,0.102,0.071,0.03,0.03,1,1.9,0.06,-0.012,-1.1,-0.4,-0.022
2014,Indiana Pacers,TRUE,-0.77,-2.6,-7.4,-1.4,0.006,-0.024,-0.006,-0.011,0.7,-0.6,0.011,-0.041,-0.7,2.3,-0.018
2014,Los Angeles Clippers,TRUE,0.3,5.4,-1.9,2,0.069,0.032,0.026,0.025,-0.9,-0.5,0.043,-0.017,0.2,-2,0.007
2014,Los Angeles Lakers,FALSE,0.96,-2.5,3.9,4.8,-0.021,0.032,0.001,0.004,0.1,-5.3,-0.016,0.012,-1.2,-3.5,-0.023
2014,Memphis Grizzlies,TRUE,0.61,-0.4,-2.1,-4,-0.036,-0.088,-0.012,-0.007,-0.5,2.8,-0.031,-0.004,0.2,1.2,-0.016
2014,Miami Heat,TRUE,-0.61,4.2,-0.9,-2.7,0.016,0.033,0.049,0.053,1,-4.9,0.013,0.01,2.2,-1.5,-0.003
2014,Milwaukee Bucks,FALSE,-0.23,-3.7,5.1,-2.1,-0.01,-0.028,-0.022,-0.022,0.5,1.6,-0.011,0.019,-0.4,-3.1,0.01
2014,Minnesota Timberwolves,FALSE,0.43,2.2,-0.5,3.4,0.037,-0.014,-0.006,-0.015,-1.4,1.9,0.034,0.017,1.2,-0.1,-0.038
2014,New Orleans Pelicans,FALSE,0.73,0.5,3.4,-1.7,0.002,-0.066,-0.004,-0.006,-0.7,1.4,0.005,0.014,0,-0.7,0.034
2014,New York Knicks,FALSE,-0.61,1.6,2.4,-3.6,-0.036,0.043,0,0.004,-1.1,-0.4,-0.026,0.013,0.4,-0.2,0.03
2014,Oklahoma City Thunder,TRUE,0.32,3.8,-2.8,1.5,0.019,0.012,0.025,0.019,0.4,1,0.029,-0.013,0.3,1.1,0.006
2014,Orlando Magic,FALSE,-0.44,-5,0.7,-0.3,-0.031,-0.024,-0.016,-0.014,0.3,-3.1,-0.022,0.003,-0.6,1,-0.004
2014,Philadelphia 76ers,FALSE,-0.21,-7.3,3.2,5.3,-0.016,-0.001,-0.031,-0.026,1.2,-0.7,-0.025,0.023,1.3,-2.1,0.029
2014,Phoenix Suns,FALSE,0.39,2.8,0,1.9,0.009,0.041,0.017,0.018,0.4,0.9,0.007,-0.005,0.3,-0.8,0.022
2014,Portland Trail Blazers,TRUE,0.45,4.8,0.7,1,-0.014,0.031,0.007,0.003,-1.2,2.5,0.005,-0.013,-2.7,0.2,-0.021
2014,Sacramento Kings,FALSE,0.82,-1,2.1,0.5,0.047,-0.041,-0.009,-0.017,0.3,2.3,0.036,0.011,-0.9,2.1,0.019
2014,San Antonio Spurs,TRUE,0.28,3.8,-4.3,1.1,-0.044,-0.002,0.03,0.036,-0.1,-2.8,-0.027,-0.019,-0.8,1.9,-0.031
2014,Toronto Raptors,TRUE,-0.69,2.1,-1.4,-2.1,0.022,0.026,0.004,-0.003,-0.4,1.7,0.024,-0.008,0.5,0.4,0.022
2014,Utah Jazz,FALSE,0.91,-3.2,4.6,-2.5,-0.013,-0.022,-0.018,-0.017,0.3,0,-0.013,0.017,-1.5,0,0.012
2014,Washington Wizards,TRUE,-0.79,-0.7,-2.1,-0.7,-0.036,-0.013,-0.003,0.005,0,-0.3,-0.034,0.003,1.4,1.2,0.005
2013,Atlanta Hawks,TRUE,-0.48,-1.1,-1.5,0.6,-0.026,0.043,0.011,0.021,0.5,-4.3,-0.03,0,0.5,0.1,-0.023
2013,Boston Celtics,TRUE,-0.4,-2.8,-2.6,-0.3,-0.007,-0.028,0.007,0.007,0.4,-6.4,0,-0.014,0.5,-0.2,0.012
2013,Brooklyn Nets,TRUE,-0.53,2.3,0.3,-3.2,0.029,0.026,0.001,0.002,0.3,4.4,0.015,0.007,-0.6,0.2,-0.03
2013,Charlotte Bobcats,FALSE,-0.06,-4.4,5.6,-0.5,0.04,-0.033,-0.028,-0.036,-0.5,-0.8,0.029,0.028,-0.5,-2.4,-0.007
2013,Chicago Bulls,TRUE,-0.33,-2.4,-2.7,-2.7,-0.011,-0.054,-0.023,-0.026,-0.1,2.9,-0.003,-0.019,-0.5,0.1,0.002
2013,Cleveland Cavaliers,FALSE,-0.19,-1.6,3.5,0.3,-0.005,-0.014,-0.021,-0.023,-0.7,1.6,-0.004,0.027,0.7,-0.9,0.021
2013,Dallas Mavericks,FALSE,0.36,0,0.6,2.1,-0.028,-0.007,0.009,0.01,-0.7,-4.7,-0.012,-0.004,-0.4,-0.4,0.023
2013,Denver Nuggets,TRUE,0.28,4.5,-0.8,3.1,0.038,-0.026,0.014,0.019,-0.1,4.9,0.012,-0.003,0.6,-1.7,-0.011
2013,Detroit Pistons,FALSE,-0.34,-2.1,2.2,-1.2,0.012,-0.026,-0.014,-0.009,0.6,1.8,-0.007,0.009,-0.6,-0.5,0.005
2013,Golden State Warriors,TRUE,0.42,0.5,-0.4,2.5,-0.015,-0.004,0.01,0.01,0.3,-1.1,-0.003,-0.01,-1.3,2,0.007
2013,Houston Rockets,TRUE,0.22,3.8,0.2,4.1,0.038,0.106,0.029,0.029,1.2,-0.1,0.028,0.006,-0.2,1.7,-0.008
2013,Indiana Pacers,TRUE,-0.69,-1.6,-6.1,-1.8,0.023,0.002,-0.014,-0.017,0.6,3.8,0.015,-0.043,-0.8,1.1,-0.007
2013,Los Angeles Clippers,TRUE,-0.02,4.7,-2.3,-0.9,0.016,0.022,0.022,0.03,0.2,2.3,-0.001,-0.004,1.7,0,0.025
2013,Los Angeles Lakers,TRUE,0.32,1.9,0.7,2.4,0.075,0.06,0.013,0.016,0.2,0.5,0.035,0,-1.8,0.8,-0.041
2013,Memphis Grizzlies,TRUE,0.18,-1,-5.6,-3.6,-0.009,-0.077,-0.021,-0.024,-0.4,4.5,-0.002,-0.021,1.5,0.8,0.005
2013,Miami Heat,TRUE,-0.84,6.4,-2.2,-1.3,0.027,0.042,0.053,0.056,0,-4.3,0.02,-0.009,1.1,-0.5,-0.004
2013,Milwaukee Bucks,TRUE,-0.33,-2.3,-0.7,2.7,-0.034,-0.011,-0.025,-0.02,-1,1.4,-0.03,-0.004,0.7,-2.2,-0.003
2013,Minnesota Timberwolves,FALSE,0.54,-3,-0.5,0.8,0.035,-0.023,-0.019,-0.023,0.1,0.9,0.022,0.015,1.3,0.5,-0.017
2013,New Orleans Hornets,FALSE,0.75,-0.2,4.2,-3.5,-0.022,-0.019,-0.007,-0.007,0.3,2.7,-0.011,0.024,-0.6,0.9,0.004
2013,New York Knicks,TRUE,-0.5,5.2,0.4,-2.2,-0.012,0.111,0.015,0.019,-2,-0.9,-0.008,0.012,1.1,1.2,0.012
2013,Oklahoma City Thunder,TRUE,-0.06,6.5,-3.3,1.3,0.068,0.001,0.045,0.031,0.7,0.2,0.076,-0.027,-0.2,-0.1,-0.007
2013,Orlando Magic,FALSE,-0.14,-4.3,3.2,0.2,-0.073,-0.02,-0.021,-0.011,0,-1.1,-0.055,0.012,-1.9,1.1,-0.009
2013,Philadelphia 76ers,FALSE,-0.17,-3.9,-0.2,-1,-0.07,-0.034,-0.026,-0.015,-1.2,-1.6,-0.058,-0.001,0,-0.1,-0.004
2013,Phoenix Suns,FALSE,0.71,-4.7,2.2,1.4,-0.036,-0.033,-0.023,-0.019,0.6,0.5,-0.03,0.016,0.5,-1.6,0.004
2013,Portland Trail Blazers,FALSE,0.65,-0.1,3.3,-0.6,-0.02,0.041,0.001,0.002,0.2,-1.2,-0.01,0.016,-1.2,-0.2,-0.015
2013,Sacramento Kings,FALSE,0.62,0.3,5.5,1.6,0.001,0,-0.003,-0.005,-0.3,0.1,0.004,0.021,-0.1,-2.5,0.023
2013,San Antonio Spurs,TRUE,0.27,2.4,-4.3,2.2,-0.012,0.021,0.033,0.035,0.3,-6,0,-0.016,0,1.4,-0.025
2013,Toronto Raptors,FALSE,-0.48,0,1.6,-1.6,0.004,0.006,-0.003,-0.008,-0.7,-1,0.012,0.004,-0.1,-0.1,0.043
2013,Utah Jazz,FALSE,0.38,0.8,0.9,-1.1,0.011,-0.037,-0.002,-0.004,0.1,2.3,0.01,0.005,0.3,-0.3,0.022
2013,Washington Wizards,FALSE,-0.25,-5.7,-2.9,0.2,-0.009,-0.02,-0.023,-0.021,0.5,-1.9,-0.013,-0.013,0,1.1,0.002
2012,Atlanta Hawks,TRUE,-0.77,0.3,-3.4,-1.1,-0.017,0.023,0.008,0.013,-0.4,-3.1,-0.016,-0.007,0.6,1.4,-0.022
2012,Boston Celtics,TRUE,-0.26,-3.6,-6.4,-0.9,-0.019,-0.032,0.008,0.009,0.9,-7.3,-0.008,-0.035,1.1,-0.6,0.008
2012,Charlotte Bobcats,FALSE,-0.05,-9.4,5.8,-0.2,0,-0.057,-0.044,-0.048,0.1,-3.4,-0.002,0.025,-1,-2.1,-0.002
2012,Chicago Bulls,TRUE,-0.76,2.8,-6.3,-2.2,-0.021,-0.021,-0.004,0.003,-0.6,5.6,-0.024,-0.037,-1,1.3,-0.033
2012,Cleveland Cavaliers,FALSE,-0.14,-3.5,4.3,0,0.031,0.012,-0.022,-0.024,0.5,1.9,0.012,0.021,-0.7,-0.8,-0.006
2012,Dallas Mavericks,TRUE,0.83,-1.3,-2.3,0.1,-0.03,0.045,0,0.002,-0.4,-3.6,-0.018,-0.008,0.1,1.8,-0.005
2012,Denver Nuggets,TRUE,0.29,4.6,1.6,2.9,0.05,0.017,0.029,0.029,0.3,0.7,0.031,0.021,0.5,1.3,-0.023
2012,Detroit Pistons,FALSE,-0.4,-3.6,1.7,-2.1,0.003,-0.051,-0.017,-0.019,1.2,1.1,0.002,0.013,0.4,-0.2,0.018
2012,Golden State Warriors,FALSE,0.62,0.8,4.5,1,-0.049,0.022,0.012,0.018,-0.5,-4.1,-0.033,0.009,-0.2,-3.9,0.029
2012,Houston Rockets,FALSE,0.35,0.9,0.6,0.4,-0.041,0.014,0.002,0.005,-0.3,0.5,-0.024,0.003,0,0.4,0.002
2012,Indiana Pacers,TRUE,-0.71,2.1,-1.5,-0.6,0.045,-0.028,-0.001,-0.013,-0.7,2.2,0.043,-0.011,0.3,-0.7,0.014
2012,Los Angeles Clippers,TRUE,0.26,3.9,1.1,-2.1,0.011,0.043,0.006,0.015,-1.1,2.5,-0.013,0.005,0.4,0.2,0.037
2012,Los Angeles Lakers,TRUE,0.54,1.4,-0.2,-0.8,0.023,-0.017,0.007,0.004,0.4,2.1,0.018,-0.011,-3.1,1.8,-0.05
2012,Memphis Grizzlies,TRUE,0.42,-0.6,-2.8,-0.5,0.001,-0.069,-0.012,-0.014,-0.2,2.8,0.003,-0.002,2.5,-0.3,0.019
2012,Miami Heat,TRUE,-0.27,2,-4.4,-0.1,0.031,-0.028,0.022,0.018,0.7,-0.4,0.03,-0.008,2,0.9,-0.008
2012,Milwaukee Bucks,FALSE,-0.5,0.9,0.6,2.4,-0.026,-0.002,-0.006,-0.006,-0.9,0.7,-0.014,0.002,0.8,-2.1,0.009
2012,Minnesota Timberwolves,FALSE,0.37,-0.3,2,2,0.03,0.036,-0.003,-0.01,0.2,0.5,0.028,0.004,-1.6,0,-0.021
2012,New Jersey Nets,FALSE,-0.39,-1.7,5,-1.2,-0.007,0.052,-0.011,-0.014,0.5,0.8,0.001,0.026,-0.1,-2.3,0.001
2012,New Orleans Hornets,FALSE,0.65,-3.7,0.5,-3,-0.002,-0.074,-0.01,-0.011,1.4,0.5,-0.001,-0.002,-0.3,0.1,0.01
2012,New York Knicks,TRUE,-0.81,-0.2,-3.6,1.9,0.03,0.062,0.006,0.005,1.1,-0.4,0.019,-0.002,2.1,0.7,0.016
2012,Oklahoma City Thunder,TRUE,0.32,5.2,-1.4,1.7,0.058,0.026,0.04,0.029,1.5,0.8,0.061,-0.022,-0.8,-0.9,-0.001
2012,Orlando Magic,TRUE,-0.33,0.4,-0.5,-2.3,0.016,0.12,0.006,0.019,0.7,-0.5,-0.015,0.001,-0.9,2.5,-0.018
2012,Philadelphia 76ers,TRUE,-0.65,-0.7,-5.4,-1.6,-0.059,-0.051,-0.016,-0.007,-2.9,-2.6,-0.047,-0.027,-0.3,2.2,-0.016
2012,Phoenix Suns,FALSE,0.53,1.6,1.9,1.3,-0.019,0.012,0.009,0.012,-0.5,-1.2,-0.014,0.004,-0.7,-1.3,-0.008
2012,Portland Trail Blazers,FALSE,0.41,1.1,1.8,-0.1,-0.013,0.029,0.004,0.001,-0.4,-0.7,0.001,0.017,0.3,-0.2,-0.009
2012,Sacramento Kings,FALSE,0.73,-0.8,5.2,3.4,-0.008,0.002,-0.017,-0.015,-0.8,2.1,-0.011,0.028,0.1,-2.5,-0.009
2012,San Antonio Spurs,TRUE,0.11,6.3,-1.4,1.6,-0.015,0.031,0.035,0.041,-1,-1.9,-0.013,0.002,-0.9,3,-0.04
2012,Toronto Raptors,FALSE,-0.36,-3.8,-0.1,-2,-0.002,-0.017,-0.009,-0.012,1,-1.1,0.003,-0.012,-1,2.4,0.052
2012,Utah Jazz,TRUE,0.3,2.2,1.5,0.1,0.026,-0.073,-0.002,-0.006,-0.8,3.2,0.019,0.006,0,0.8,0.037
2012,Washington Wizards,FALSE,-0.34,-3.6,1.6,1.2,-0.023,-0.03,-0.019,-0.015,0.4,0.3,-0.024,0.005,0.4,-2.1,0.021
2011,Atlanta Hawks,TRUE,-0.28,-1.2,-0.3,-2.8,-0.031,0,0.001,0.003,0.1,-3,-0.02,-0.003,-1.1,1,-0.018
2011,Boston Celtics,TRUE,-0.54,-1.1,-7,-1.7,0.005,-0.042,0.02,0.021,1.1,-5.3,0.006,-0.029,1.4,1.1,0.006
2011,Charlotte Bobcats,FALSE,-0.08,-3.9,0.5,-2.5,0.014,-0.033,-0.013,-0.016,0.7,-0.7,0.008,0.002,-0.5,1.6,0
2011,Chicago Bulls,TRUE,-0.79,1,-7,-1.7,0.005,-0.007,0,0.003,0.1,3,-0.002,-0.035,0.2,2.6,-0.007
2011,Cleveland Cavaliers,FALSE,0.14,-5.1,4.5,0.9,0.012,0.002,-0.023,-0.026,0,-2.2,0.004,0.026,-0.7,-0.3,-0.018
2011,Dallas Mavericks,TRUE,0.18,2.4,-2.3,-0.8,-0.014,0.052,0.024,0.027,0.2,-2.3,-0.007,-0.01,-0.4,1.2,-0.023
2011,Denver Nuggets,TRUE,0.05,5,0,3.5,0.067,0.036,0.033,0.028,-0.3,-2.5,0.052,0.002,-0.7,1.8,-0.005
2011,Detroit Pistons,FALSE,-0.18,0.4,4.4,-2.9,-0.021,-0.033,-0.008,-0.003,-0.9,1,-0.023,0.028,0.4,-1.5,0.006
2011,Golden State Warriors,FALSE,0.33,0.9,3.4,2.7,-0.059,0.026,0.003,0.012,-0.1,0.3,-0.046,0.011,1.1,-4.3,0.03
2011,Houston Rockets,FALSE,0.19,4,1.7,2.1,-0.001,0.042,0.009,0.005,-1.1,1,0.01,0.002,-0.8,-0.9,-0.01
2011,Indiana Pacers,TRUE,-0.3,-2.5,-1.3,2.6,0,0.022,-0.008,-0.012,0.7,-0.5,0.006,-0.011,-0.6,0.5,0.008
2011,Los Angeles Clippers,FALSE,0.42,-2,1.4,0.7,0.032,0.008,-0.006,-0.002,1.7,2,0.005,0.001,-0.6,-0.4,0.021
2011,Los Angeles Lakers,TRUE,-0.1,3.7,-3,-1.4,-0.007,-0.002,0.004,0.004,-1.1,2.8,-0.001,-0.021,-0.6,-1.3,-0.048
2011,Memphis Grizzlies,TRUE,0.2,0.3,-2.2,-0.2,-0.009,-0.086,-0.007,-0.005,-0.4,2.5,-0.011,0.004,2.3,-1.1,-0.001
2011,Miami Heat,TRUE,-0.71,4.4,-3.8,-1.2,0.063,0.013,0.032,0.026,0.1,-1.2,0.05,-0.023,-0.8,1.9,-0.006
2011,Milwaukee Bucks,FALSE,-0.17,-5.7,-4.8,-2.3,-0.013,-0.006,-0.03,-0.031,-0.4,-1.7,-0.012,-0.017,1.3,1.2,0.007
2011,Minnesota Timberwolves,FALSE,0.67,-3.1,3.8,4.4,-0.018,0.001,-0.015,-0.015,1.7,3.2,-0.012,0.016,-0.3,0.1,0.022
2011,New Jersey Nets,FALSE,-0.04,-4.2,2.6,-2.2,-0.017,-0.021,-0.024,-0.024,0,-0.3,-0.014,0.005,-1.6,0.6,0.012
2011,New Orleans Hornets,TRUE,0.39,-1.1,-2.1,-3.4,-0.004,-0.03,-0.004,-0.005,-0.6,-1.3,-0.003,0.003,1,2.6,-0.009
2011,New York Knicks,TRUE,-0.3,3.6,2.8,3.5,0.004,0.081,0.02,0.015,-0.8,-2.2,0.017,0.013,0.4,-1.7,0.011
2011,Oklahoma City Thunder,TRUE,0.02,3.9,-0.1,0.6,0.063,-0.01,0.02,0.003,-0.3,1,0.07,-0.005,-0.5,0,-0.001
2011,Orlando Magic,TRUE,-0.54,0.6,-5.3,-0.9,0.028,0.106,0.013,0.023,0.9,-0.3,-0.002,-0.023,-0.1,3.3,-0.01
2011,Philadelphia 76ers,TRUE,-0.5,-0.7,-2.3,-0.4,-0.027,-0.038,-0.006,-0.004,-1.1,-1.8,-0.019,-0.011,0.1,0.9,0.002
2011,Phoenix Suns,FALSE,0.43,2.2,3.1,2.3,-0.017,0.049,0.018,0.024,-0.2,-2.7,-0.014,0.015,-0.3,-2,-0.018
2011,Portland Trail Blazers,TRUE,0.32,1.5,-0.2,-4.2,-0.022,0.006,-0.008,-0.012,-0.8,3.1,-0.005,0.012,2,-1.6,0.002
2011,Sacramento Kings,FALSE,0.54,-3.8,1.7,3.1,-0.016,-0.039,-0.022,-0.018,1,3.5,-0.021,0.015,0.1,0.8,0.004
2011,San Antonio Spurs,TRUE,0.16,4.5,-1.7,0.2,-0.001,0.039,0.026,0.029,-0.6,-1.5,0,-0.007,-0.8,1,-0.039
2011,Toronto Raptors,FALSE,0.01,-1.2,5.6,0.8,-0.007,-0.06,-0.008,-0.007,0.3,1.8,-0.008,0.024,-0.4,-1.6,0.022
2011,Utah Jazz,FALSE,0.39,0.8,2.8,-1.1,0.013,-0.031,0.003,0,0.1,0.6,0.012,0.007,0.4,-1.9,0.046
2011,Washington Wizards,FALSE,0.11,-4.9,2.9,1.7,-0.01,-0.05,-0.028,-0.027,0.5,1.6,-0.013,0.014,1,-3.1,0.02
2010,Atlanta Hawks,TRUE,-0.22,4.3,-0.9,-2.6,-0.019,-0.008,0.002,0.005,-1.9,1.9,-0.015,-0.005,-0.1,-1,-0.02
2010,Boston Celtics,TRUE,-0.29,0.1,-3.8,-1.1,0.032,0.006,0.021,0.021,1.2,-3.5,0.02,-0.014,1.6,0.1,0.023
2010,Charlotte Bobcats,TRUE,-0.17,-3.2,-4.8,-2.3,0.046,-0.011,-0.005,-0.011,1.8,0.2,0.032,-0.01,1.4,0.5,-0.034
2010,Chicago Bulls,TRUE,0,-4.1,-2.3,0.4,-0.013,-0.066,-0.023,-0.024,0,0.3,-0.011,-0.017,-1,1.1,-0.016
2010,Cleveland Cavaliers,TRUE,-0.36,3.6,-3.5,-1.3,0.041,0.026,0.027,0.031,0.1,-1.2,0.018,-0.019,-1,3.5,-0.01
2010,Dallas Mavericks,TRUE,-0.06,1.6,-1.3,-0.2,-0.023,0,0.009,0.005,-1,-2,-0.002,-0.006,0.3,0,-0.022
2010,Denver Nuggets,TRUE,0.06,4.2,-0.1,2.1,0.076,0.005,0.018,0.008,-0.6,-0.2,0.062,-0.006,0.5,-1.3,0.023
2010,Detroit Pistons,FALSE,0.09,-2,3.8,-4.2,0.003,-0.042,-0.028,-0.027,-0.5,4,-0.008,0.025,0.9,-0.3,0.036
2010,Golden State Warriors,FALSE,0.32,0.5,4.1,7.7,-0.006,0.016,0.014,0.013,-0.2,-5.4,0.002,0.024,1.8,-5.2,0.032
2010,Houston Rockets,FALSE,0.35,0,0.4,1.3,-0.008,0.043,-0.006,-0.007,-0.1,0.6,-0.003,0.01,0.3,0.1,-0.013
2010,Indiana Pacers,FALSE,-0.1,-3.9,-0.8,4.4,-0.004,0.056,-0.007,-0.01,0.5,-4.7,0.001,-0.011,0.1,-0.7,0.03
2010,Los Angeles Clippers,FALSE,0.34,-4.3,2.5,-0.1,-0.017,-0.001,-0.014,-0.01,1.5,0.8,-0.022,0.008,-1.1,0.3,-0.014
2010,Los Angeles Lakers,TRUE,0.06,1.2,-3.9,0.1,-0.011,0.005,-0.005,-0.005,-0.9,1.3,-0.007,-0.017,-0.1,0.7,-0.033
2010,Memphis Grizzlies,FALSE,0.13,0.7,2.3,0.9,0.02,-0.074,-0.007,-0.007,0.4,5,0.007,0.019,-0.1,-0.4,-0.023
2010,Miami Heat,TRUE,-0.29,-1,-3.5,-3.1,-0.004,-0.003,-0.006,-0.005,-0.5,-0.2,-0.005,-0.021,0.6,1.2,0.018
2010,Milwaukee Bucks,TRUE,-0.32,-2.7,-4.5,-1,-0.061,0.037,-0.025,-0.019,-1,-0.1,-0.047,-0.015,1.3,2.7,0.038
2010,Minnesota Timberwolves,FALSE,0.54,-5.9,4,3.4,-0.022,-0.051,-0.025,-0.023,1.3,0.4,-0.021,0.024,-0.3,-0.1,-0.008
2010,New Jersey Nets,FALSE,0.19,-7,2.9,-1.3,0.007,-0.041,-0.034,-0.043,0.4,-1.2,0.012,0.016,0,-1.9,0.001
2010,New Orleans Hornets,FALSE,0.19,-0.2,2.5,-0.1,-0.057,0.008,0,0.005,-0.6,-1.5,-0.039,0.022,0.2,0.1,-0.023
2010,New York Knicks,FALSE,-0.19,0,4,1.3,-0.044,0.09,0.004,0.008,-0.3,-2.8,-0.028,0.025,0,-1.6,-0.021
2010,Oklahoma City Thunder,TRUE,0.06,0.7,-3,0.4,0.033,-0.037,0.004,-0.007,0.6,2.3,0.04,-0.018,0.7,-0.1,0.001
2010,Orlando Magic,TRUE,-0.37,3.8,-4.3,-0.7,0.04,0.128,0.03,0.035,0.3,-1.7,0.018,-0.024,-1.1,3.7,-0.023
2010,Philadelphia 76ers,FALSE,-0.03,-1.5,2.7,-1.1,-0.03,-0.016,-0.009,-0.005,0.4,1.3,-0.024,0.017,0.5,-0.5,0.003
2010,Phoenix Suns,TRUE,-0.23,7.7,2.6,2.6,0.012,0.039,0.042,0.045,0.3,1.3,0.012,-0.01,-1.7,-2.9,-0.004
2010,Portland Trail Blazers,TRUE,-0.13,3.2,-0.5,-5,0.015,-0.007,0.004,-0.002,-1.2,1.9,0.021,0.001,0,1.1,-0.009
2010,Sacramento Kings,FALSE,0.3,-2.3,2.3,1.3,-0.014,-0.021,-0.015,-0.01,0.3,1.5,-0.021,0.004,-0.7,-0.2,0.016
2010,San Antonio Spurs,TRUE,-0.02,2.4,-3.1,-1,-0.004,0.01,0.009,0.014,-0.4,0.5,-0.009,-0.018,-1.2,2.6,-0.014
2010,Toronto Raptors,FALSE,-0.05,3.7,5.6,0.4,0.019,-0.011,0.021,0.02,-0.6,-1.6,0.016,0.012,-1.5,-0.8,0.019
2010,Utah Jazz,TRUE,-0.01,3.1,-2.6,1.1,0.04,-0.038,0.022,0.023,0.9,0.5,0.024,-0.009,0.9,1.9,0.041
2010,Washington Wizards,FALSE,0.06,-3.4,1.8,-1.1,-0.017,-0.039,-0.019,-0.02,0.6,1.3,-0.012,0.001,-0.5,-1.3,0.011
2009,Atlanta Hawks,TRUE,0.13,1,-0.7,-2.1,0.017,0.029,0.002,0.004,-0.8,-0.7,0.002,-0.006,-0.1,-1.7,-0.026
2009,Boston Celtics,TRUE,-0.07,2.2,-6,-1.3,0.022,-0.01,0.027,0.028,1.7,1.2,0.015,-0.03,0.7,2.3,0.017
2009,Charlotte Bobcats,FALSE,0.07,-3.6,-2.2,-3.4,0.006,-0.011,-0.008,-0.006,1.8,1,-0.005,-0.002,1.1,-0.3,-0.007
2009,Chicago Bulls,TRUE,0.12,0.1,0.4,1.4,-0.006,-0.035,-0.003,-0.007,0,1.3,0.003,-0.007,-0.2,-2.4,0.002
2009,Cleveland Cavaliers,TRUE,-0.25,4.1,-5.9,-3,0.006,0.035,0.016,0.019,-0.8,1,0,-0.032,0.2,1.3,-0.01
2009,Dallas Mavericks,TRUE,-0.3,2.2,0.1,-0.2,-0.032,0.017,0.006,0.004,-1.2,-0.1,-0.012,-0.007,-1,1.3,-0.011
2009,Denver Nuggets,TRUE,-0.29,2.1,-1.5,2.6,0.076,0.003,0.019,0.012,0.9,0.8,0.054,-0.015,0.8,-1.6,0.023
2009,Detroit Pistons,TRUE,0.13,-0.9,-0.3,-5,-0.024,-0.059,-0.02,-0.017,-1.6,1.2,-0.024,-0.015,-1.6,0.7,0.012
2009,Golden State Warriors,FALSE,-0.06,1.2,5,6.5,0.033,-0.015,0.005,-0.003,-0.4,-0.6,0.032,0.008,-0.4,-5.2,0.015
2009,Houston Rockets,TRUE,-0.27,0.1,-4.3,-1.5,-0.014,0.03,0.004,0.001,0.3,-0.3,-0.001,-0.021,-1.4,2,-0.044
2009,Indiana Pacers,FALSE,0.35,-0.2,0.9,4.8,-0.039,0.02,0.001,0.001,-0.2,-1.3,-0.021,-0.001,-0.6,1.2,0.035
2009,Los Angeles Clippers,FALSE,0.3,-6,3.4,0.4,-0.031,0.002,-0.024,-0.019,0.7,-1.6,-0.034,0.012,-0.9,-2.1,-0.009
2009,Los Angeles Lakers,TRUE,-0.55,4.5,-3.6,2.6,-0.007,-0.007,0.011,0.013,-1,2.7,-0.006,-0.01,0.9,-0.3,-0.023
2009,Memphis Grizzlies,FALSE,0.24,-4.8,1.2,-1.6,0.023,-0.049,-0.011,-0.014,1.5,-0.9,0.013,0.015,0.8,0.2,0.011
2009,Miami Heat,TRUE,0.23,-0.5,-0.7,-1.8,-0.024,0.021,-0.004,0,-1.2,-2.1,-0.024,0.001,1.2,-0.4,0.015
2009,Milwaukee Bucks,FALSE,0.21,-1.6,-0.4,0.9,0,-0.016,-0.013,-0.017,-0.2,1.1,0.003,0.003,2.3,0.7,0.079
2009,Minnesota Timberwolves,FALSE,0.18,-2.2,3.1,-0.1,-0.017,0.003,-0.018,-0.019,0,1,-0.014,0.015,-1.3,1.7,0.018
2009,New Jersey Nets,FALSE,0.13,0,2.7,-1.8,-0.003,0.041,-0.001,-0.003,-0.6,-1.5,0,0.009,-0.3,0.2,0.036
2009,New Orleans Hornets,TRUE,-0.14,0.4,-1.3,-3.9,-0.018,0.016,0.004,0.001,-0.8,-2.1,-0.004,-0.004,-0.1,1.6,-0.006
2009,New York Knicks,FALSE,0.28,-0.2,2.5,5,-0.038,0.098,0,0.003,-0.4,-2.3,-0.026,0.02,-0.3,-0.6,-0.021
2009,Oklahoma City Thunder,FALSE,0.06,-5.4,1.1,1.9,0.002,-0.083,-0.023,-0.029,1.5,1.9,0.006,0.014,-0.3,0.6,-0.02
2009,Orlando Magic,TRUE,-0.21,0.9,-6.4,0.6,0.045,0.111,0.015,0.02,0.1,-2.7,0.015,-0.035,-1,2.6,-0.027
2009,Philadelphia 76ers,TRUE,0.09,-0.4,-0.5,-1.7,0.033,-0.06,-0.012,-0.015,0.1,4.6,0.017,0.007,1.6,-1.9,-0.02
2009,Phoenix Suns,FALSE,-0.31,5.3,3.3,4.3,0.03,-0.008,0.04,0.045,1.1,1,0.014,0.011,-0.5,-1.6,-0.003
2009,Portland Trail Blazers,TRUE,-0.35,5.6,-0.5,-5.1,0,0.015,0.009,0.011,-0.8,5.9,-0.002,-0.001,-0.1,1.7,-0.009
2009,Sacramento Kings,FALSE,0.16,-2.8,6.4,2.5,0.009,0.014,-0.002,-0.009,1,-2.2,0.016,0.026,-0.3,-3.4,0.033
2009,San Antonio Spurs,TRUE,-0.4,0.2,-4,-3.3,-0.055,0.024,0.004,0.013,-1.6,-4.6,-0.045,-0.013,-1.6,4.7,-0.045
2009,Toronto Raptors,FALSE,0.28,-1.3,1.7,0.3,-0.027,-0.031,-0.002,-0.006,-0.5,-2.7,-0.006,0.011,-0.7,0.4,-0.034
2009,Utah Jazz,TRUE,-0.34,1.8,-1,1.4,0.049,-0.055,0.01,0.004,0.3,1.5,0.038,0.005,1.7,-0.6,0.026
2009,Washington Wizards,FALSE,0.48,-2.9,5.3,-0.7,-0.013,-0.044,-0.02,-0.02,-0.1,1,-0.012,0.033,0,-1.9,-0.009
2008,Atlanta Hawks,TRUE,-0.41,-0.6,1.4,-1.3,0.034,-0.057,-0.005,-0.014,0.8,3,0.032,0.004,-0.3,-1.6,-0.014
2008,Boston Celtics,TRUE,-0.95,2.7,-8.6,-1.5,0.04,0.027,0.029,0.025,1.5,-0.1,0.036,-0.04,2,1.1,0.022
2008,Charlotte Bobcats,FALSE,-0.11,-2.9,1.9,-0.6,0.017,-0.002,-0.008,-0.005,0.7,-1.1,-0.001,0.008,0.2,-2.3,0.004
2008,Chicago Bulls,FALSE,-0.11,-3.6,-0.3,0.6,-0.01,-0.032,-0.025,-0.027,0.2,2.2,-0.008,-0.001,1,-0.2,0.027
2008,Cleveland Cavaliers,TRUE,-0.17,-1.5,-1.1,-2.2,0.002,0.009,-0.02,-0.017,-0.1,3.7,-0.01,-0.003,-0.3,2.6,0.009
2008,Dallas Mavericks,TRUE,0.16,3.6,-1.4,-2.2,0.012,-0.007,0.014,0.005,-0.9,0,0.028,-0.023,-1.5,1.7,0.021
2008,Denver Nuggets,TRUE,0.03,2.5,-1.2,7.3,0.052,0.006,0.017,0.013,-0.3,-1.2,0.038,0.002,0.9,-1.2,-0.028
2008,Detroit Pistons,TRUE,-0.72,3.9,-4.6,-5.1,-0.006,-0.019,-0.001,-0.002,-1.8,2.7,-0.001,-0.027,0.2,0.4,0.013
2008,Golden State Warriors,FALSE,0.17,4.3,2,6.4,-0.03,0.073,0.008,0.014,-1.7,0.5,-0.023,0.012,1.5,-3,0.027
2008,Houston Rockets,TRUE,0.15,-0.7,-5.9,-2,-0.03,0.033,-0.012,-0.005,-0.2,2.4,-0.031,-0.032,-0.4,1.5,-0.017
2008,Indiana Pacers,FALSE,-0.46,-1.5,0,5.3,-0.014,0.067,0,0.001,0.3,-2.3,-0.007,0.001,0.9,0.6,0.04
2008,Los Angeles Clippers,FALSE,0.71,-6.3,1.6,-0.3,0.032,-0.055,-0.021,-0.032,0.5,-3.6,0.033,0.006,-0.4,-0.2,0.005
2008,Los Angeles Lakers,TRUE,0.09,5.5,-2,3.2,0.027,0.035,0.03,0.028,-0.3,-0.4,0.025,-0.012,-0.3,0.1,-0.017
2008,Memphis Grizzlies,FALSE,0.45,-2.5,3.9,2.9,0.005,0.042,-0.001,0.003,0.8,-2.9,-0.006,0.024,-1,0.1,-0.035
2008,Miami Heat,FALSE,0.11,-7,2.5,-2.2,-0.006,-0.005,-0.018,-0.015,1.2,-4.6,-0.013,0.013,0.4,-1.4,0.014
2008,Milwaukee Bucks,FALSE,-0.03,-2.2,5.3,-1.1,-0.012,-0.027,-0.018,-0.015,0.5,3.3,-0.016,0.027,-0.2,-0.3,0.019
2008,Minnesota Timberwolves,FALSE,0.52,-3.7,3.7,-0.5,-0.058,-0.037,-0.022,-0.013,0.4,0.8,-0.048,0.016,-0.3,0.3,0.038
2008,New Jersey Nets,FALSE,-0.09,-3.5,1.9,-0.9,0.041,0,-0.012,-0.016,1,-0.1,0.024,0,-0.5,0.5,0.04
2008,New Orleans Hornets,TRUE,0.18,4,-1.8,-2.5,-0.055,0.017,0.008,0.015,-1.8,0.3,-0.038,0.004,0.3,2.1,-0.047
2008,New York Knicks,FALSE,0.06,-2.8,4.4,-0.8,0.004,-0.007,-0.022,-0.022,0.2,1.9,-0.005,0.021,-1.1,-0.6,-0.002
2008,Orlando Magic,TRUE,-0.68,3.8,-2,1,0.049,0.1,0.035,0.04,0.4,-3.3,0.025,-0.013,-0.9,1.5,-0.014
2008,Philadelphia 76ers,TRUE,-0.23,-1.1,-1.5,-2,0.015,-0.079,-0.018,-0.015,0.2,5.1,-0.004,0.007,1.9,-1.3,-0.026
2008,Phoenix Suns,TRUE,0.09,5.8,0.6,4.3,-0.014,0.038,0.05,0.054,0.2,-4.3,-0.003,-0.009,-1.4,-2.4,-0.04
2008,Portland Trail Blazers,FALSE,0.45,-0.2,0.9,-4.5,-0.025,-0.004,-0.008,-0.008,-0.6,0.1,-0.015,-0.006,-1.1,-1.5,-0.019
2008,Sacramento Kings,FALSE,0.4,0,2.4,2.3,0.04,-0.014,0.016,0.006,1.6,-1.5,0.045,0.013,0.7,-1.6,0.025
2008,San Antonio Spurs,TRUE,0.31,-0.3,-5.7,-3.6,-0.03,0.029,0.003,0.007,-0.6,-3.3,-0.021,-0.02,-0.4,3.8,-0.03
2008,Seattle SuperSonics,FALSE,0.72,-7,2,3.9,-0.041,-0.088,-0.031,-0.03,1.1,0.1,-0.027,0.006,-1.3,0.4,-0.016
2008,Toronto Raptors,TRUE,-0.44,2.7,-0.5,-2.2,-0.059,-0.005,0.011,0.014,-1.8,-3.3,-0.031,0.008,0.3,1.7,-0.026
2008,Utah Jazz,TRUE,-0.01,6.3,-1,0.8,0.043,-0.056,0.033,0.031,0.4,2.8,0.034,0.004,1.8,0.8,0.063
2008,Washington Wizards,TRUE,-0.28,1.7,2.1,-2.9,-0.009,0.019,-0.005,-0.008,-0.7,2.2,0.002,0.016,0.3,-0.5,-0.014
2007,Atlanta Hawks,FALSE,-0.1,-3.5,1.8,-1.9,0.019,-0.05,-0.018,-0.025,0.9,2.1,0.017,0.007,0.3,-2,0.022
2007,Boston Celtics,FALSE,-0.29,-3.3,0.4,0.1,0.01,-0.014,-0.011,-0.017,1.2,-0.1,0.013,0.006,0.3,0.9,0.034
2007,Charlotte Bobcats,FALSE,-0.22,-2.9,1.1,0.1,-0.005,-0.02,-0.017,-0.016,-0.3,-0.7,-0.01,0.004,0.5,-1.3,0.033
2007,Chicago Bulls,TRUE,-0.49,-1.6,-6.9,1.7,-0.014,-0.027,-0.007,-0.003,0.5,1.5,-0.017,-0.023,2,1.4,0.006
2007,Cleveland Cavaliers,TRUE,-0.5,-1,-5.2,-1.1,-0.007,-0.002,-0.019,-0.012,-0.8,2.6,-0.023,-0.016,0.5,2.9,-0.003
2007,Dallas Mavericks,TRUE,0.06,4.8,-3.3,-2.4,-0.01,0.005,0.018,0.013,-0.8,1.6,0.01,-0.019,0,2.1,0.019
2007,Denver Nuggets,TRUE,0.07,1.1,-0.6,5.5,0.033,-0.001,0.007,0.005,0.4,1.8,0.022,0.003,0.3,-1.1,-0.043
2007,Detroit Pistons,TRUE,-0.47,2.4,-2.3,-4.6,-0.02,-0.012,-0.006,-0.008,-2.2,1.2,-0.009,-0.019,0.1,-2,-0.012
2007,Golden State Warriors,TRUE,0.34,0.5,0.9,7.3,-0.027,0.066,0.007,0.016,-0.1,-1.5,-0.031,0.01,1.9,-3.3,0.018
2007,Houston Rockets,TRUE,0.19,-0.5,-5.8,-1.2,-0.035,0.077,-0.001,0.003,-0.6,-1.4,-0.026,-0.03,-0.6,4.1,-0.016
2007,Indiana Pacers,FALSE,-0.18,-3.6,-1,0.5,-0.003,-0.001,-0.018,-0.022,0.9,1.3,0,-0.005,0.6,-0.2,0.025
2007,Los Angeles Clippers,FALSE,0.39,-1.4,-0.9,-1.1,0.028,-0.07,-0.004,-0.015,0.3,0.1,0.034,-0.008,-0.9,1.8,0.003
2007,Los Angeles Lakers,TRUE,0.32,2.1,2.1,1.6,0.006,0.046,0.013,0.015,0.1,-1,0.003,0.004,-0.7,-0.6,0.016
2007,Memphis Grizzlies,FALSE,0.71,0.4,5.8,1.7,0.047,-0.002,0.014,0.008,1,-1.2,0.039,0.033,-0.2,-1.8,-0.009
2007,Miami Heat,TRUE,-0.29,-2.2,-1.2,-2,-0.006,0.032,0,0.01,0.1,-2.2,-0.024,-0.011,-0.4,0.4,-0.014
2007,Milwaukee Bucks,FALSE,-0.06,0.5,5.2,0.4,-0.041,0.006,0,0.008,-0.1,0.5,-0.037,0.026,0.3,-4.8,-0.012
2007,Minnesota Timberwolves,FALSE,0.51,-2.6,1.4,-0.9,-0.036,-0.046,-0.004,-0.006,0.6,-2,-0.015,0.002,-0.9,-0.8,-0.02
2007,New Jersey Nets,TRUE,-0.23,-0.8,0.1,-0.5,0.011,0.05,0.005,0.008,0,-2.5,-0.001,-0.006,-0.5,1.5,0.02
2007,New Orleans/Oklahoma City Hornets,FALSE,0.38,-1.7,0,-1.7,-0.036,-0.025,-0.021,-0.017,-0.6,2,-0.031,0.003,-1,1.8,-0.034
2007,New York Knicks,FALSE,-0.21,-0.8,2.3,-1.1,0.05,0.003,-0.002,-0.002,1.7,3.9,0.024,0.008,-1.2,1.1,0
2007,Orlando Magic,TRUE,-0.43,-1.6,-2.4,-2,0.066,-0.055,0.003,0.004,2.1,2.2,0.03,-0.016,0.4,0.8,0.04
2007,Philadelphia 76ers,FALSE,-0.23,-2.9,0.4,-1.2,0.006,-0.085,-0.011,-0.016,0.4,0.1,0.009,0.005,0.5,-2.1,-0.025
2007,Phoenix Suns,TRUE,-0.03,7.4,-0.1,3.7,-0.06,0.074,0.049,0.055,-0.8,-4.4,-0.031,-0.004,-0.6,-1,-0.04
2007,Portland Trail Blazers,FALSE,0.51,-1.4,3.4,-3.6,-0.013,-0.02,-0.011,-0.013,0.3,1.1,-0.005,0.012,-0.7,0.1,0.021
2007,Sacramento Kings,FALSE,0.46,-0.3,1.5,2.9,0.052,0.019,0.004,-0.005,-0.7,-4,0.043,0.017,0.7,-0.4,-0.006
2007,San Antonio Spurs,TRUE,-0.08,2.7,-6.6,-2.1,-0.014,0.034,0.02,0.025,-0.6,-2.9,-0.011,-0.025,-0.2,2.8,-0.045
2007,Seattle SuperSonics,FALSE,0.45,0.7,3.8,-0.1,-0.039,0.006,0.003,0.003,0.3,0.7,-0.018,0.019,-0.1,-2,-0.003
2007,Toronto Raptors,TRUE,-0.38,0.5,-0.5,0.7,-0.024,0.011,0.009,0.008,-1.2,-4.9,-0.007,0.007,0.1,1.6,-0.027
2007,Utah Jazz,TRUE,0.2,3.6,0.5,-0.3,0.053,-0.05,0.01,0.006,0.3,4.6,0.037,0,0.2,2.2,0.068
2007,Washington Wizards,TRUE,-0.28,3.6,4.1,2.2,0.029,0.024,0.001,-0.005,-1.6,1,0.026,0.021,0.2,-1.9,0.003
2006,Atlanta Hawks,FALSE,0.07,0.2,5.4,-0.1,0.007,-0.024,-0.002,-0.004,1,4.1,0.007,0.023,0.4,-3.2,0.027
2006,Boston Celtics,FALSE,-0.05,-1,0.7,1.7,0.016,0.002,0.015,0.014,2,-1.8,0.015,0,0.1,0.1,0.034
2006,Charlotte Bobcats,FALSE,0.1,-3.7,0.5,2.9,-0.014,-0.018,-0.027,-0.026,-0.7,-0.2,-0.015,0.024,2.8,-2,0.015
2006,Chicago Bulls,TRUE,-0.12,-2.2,-2.8,2.4,-0.041,0.017,-0.009,-0.003,0.2,-1,-0.032,-0.026,0.2,2,0.047
2006,Cleveland Cavaliers,TRUE,-0.06,1.6,-0.8,-0.7,0.029,0.026,0.002,0.002,-0.4,1.1,0.015,0,-0.9,3,-0.022
2006,Dallas Mavericks,TRUE,-0.11,5.6,-1.2,-2.7,0.031,-0.027,0.014,0.005,-0.6,4.5,0.037,-0.015,0,-0.5,0.009
2006,Denver Nuggets,TRUE,0.13,-0.7,-1,3.4,0.014,-0.041,-0.001,-0.002,0,-0.5,0.01,0.003,1,-0.7,-0.021
2006,Detroit Pistons,TRUE,-0.44,4.6,-3.1,-3.7,-0.036,0.019,-0.001,0.007,-2.5,1.6,-0.032,-0.013,0,-1.5,-0.057
2006,Golden State Warriors,FALSE,0.25,-1.4,0,2.8,-0.01,0.068,-0.015,-0.011,-0.7,-0.4,-0.016,0.002,0.4,-1.1,-0.005
2006,Houston Rockets,FALSE,0.28,-4.6,-2.9,-2.5,-0.016,0.024,-0.017,-0.019,0.6,-1.8,-0.008,-0.018,-0.6,1.9,-0.001
2006,Indiana Pacers,TRUE,-0.27,-1.7,-3.8,-0.8,0.011,0.043,-0.003,-0.003,1.1,-0.2,0.006,-0.026,-0.7,-0.1,-0.016
2006,Los Angeles Clippers,TRUE,0.18,-0.9,-2.6,1.2,-0.001,-0.071,0.004,-0.003,0.1,-1.9,0.015,-0.019,-1.5,3.2,-0.008
2006,Los Angeles Lakers,TRUE,0.03,2.2,-0.5,0.4,-0.004,0.038,0.003,0.005,-0.6,1.5,-0.003,-0.004,-0.3,0.9,-0.006
2006,Memphis Grizzlies,TRUE,0.05,-0.3,-4.6,-4.2,0.006,0.056,0.001,0.006,0.2,-1.5,-0.007,-0.021,1,-0.7,-0.011
2006,Miami Heat,TRUE,-0.27,2.5,-1.7,1.1,0.03,0.025,0.02,0.027,0.2,-0.6,0.006,-0.013,-1.3,3.7,0.003
2006,Milwaukee Bucks,TRUE,-0.04,0.1,1.2,0.7,-0.011,0.001,-0.001,0.002,0.1,0,-0.01,0.014,0.1,1.9,0.014
2006,Minnesota Timberwolves,FALSE,0.13,-3.8,-1.7,-1.7,-0.034,-0.053,-0.012,-0.01,0.5,-2.1,-0.022,-0.015,-0.3,-1.4,-0.012
2006,New Jersey Nets,TRUE,-0.26,-2.3,-3.8,-0.7,0.013,0.027,-0.008,-0.012,-0.4,-3.3,0.014,-0.014,0.3,3.6,0.018
2006,New Orleans/Oklahoma City Hornets,FALSE,0.31,-2.5,0.6,-1.5,0.006,-0.064,-0.021,-0.026,-0.8,-0.4,0.009,0.012,0.6,0.7,-0.005
2006,New York Knicks,FALSE,0.11,-2.2,4.8,0.3,0.084,-0.06,-0.002,-0.009,2.8,3.9,0.055,0.021,-0.3,0.1,0.046
2006,Orlando Magic,FALSE,-0.18,0.1,1.3,-2.2,0.036,-0.073,0.007,0.006,1,1.2,0.022,0,-0.7,-0.2,0.016
2006,Philadelphia 76ers,FALSE,-0.15,-0.2,1.9,2.2,0.023,-0.044,0.002,-0.003,-0.4,-1.7,0.022,0.01,0.6,-1.4,-0.008
2006,Phoenix Suns,TRUE,-0.07,5.3,-0.4,5.3,-0.127,0.091,0.032,0.047,-1.5,-5.2,-0.082,0,-0.5,-0.6,-0.048
2006,Portland Trail Blazers,FALSE,0.54,-5.1,5.7,-2.9,-0.023,-0.036,-0.025,-0.016,0.8,-0.7,-0.034,0.017,-1.1,-4.5,-0.017
2006,Sacramento Kings,TRUE,0.07,0.5,-1.2,1.4,0.001,0.015,0.008,0.002,0.2,-1.9,0.014,-0.002,0,-0.5,-0.038
2006,San Antonio Spurs,TRUE,-0.13,1.1,-6.6,-2,-0.035,0.013,0.01,0.023,-0.1,-1.3,-0.039,-0.033,-0.2,1.5,-0.028
2006,Seattle SuperSonics,FALSE,0.15,4.9,8.2,1.1,-0.019,0.041,0.015,0.014,0,3.1,-0.002,0.037,-0.1,-3.7,0.012
2006,Toronto Raptors,FALSE,-0.04,3.3,6.5,0.6,-0.018,0.042,0.012,0.01,-1.3,-1.9,0.001,0.04,-0.2,0.6,0.015
2006,Utah Jazz,FALSE,0.14,-2.1,0.8,-2.7,0.064,-0.053,-0.017,-0.023,1.3,5.1,0.038,0,0.3,0.5,0.055
2006,Washington Wizards,TRUE,-0.29,3.1,1.1,1.8,0.042,0.007,0.002,-0.006,-0.9,2.2,0.036,0.014,1.4,-1.8,0.008
2005,Atlanta Hawks,FALSE,0.09,-5.5,5,0.5,-0.025,-0.05,-0.025,-0.018,1.3,2,-0.033,0.031,0.4,0.8,0.044
2005,Boston Celtics,TRUE,-0.52,1.4,0.5,2.4,0.033,-0.004,0.022,0.019,1.1,-1.5,0.028,-0.001,0.6,-1.2,0.029
2005,Charlotte Bobcats,FALSE,-0.16,-5,1.4,1.4,-0.018,-0.068,-0.032,-0.027,-0.3,0.8,-0.028,0.015,1.1,-0.4,0.024
2005,Chicago Bulls,TRUE,-0.41,-4.7,-5.8,1.5,-0.013,0.021,-0.012,-0.011,1.9,-0.3,-0.012,-0.028,0.8,1.3,0.017
2005,Cleveland Cavaliers,FALSE,-0.52,0.5,-0.4,-1.2,0.001,-0.061,-0.011,-0.012,-0.6,3.8,-0.001,0.003,0.5,0.2,0.003
2005,Dallas Mavericks,TRUE,0.11,4.2,-2,1.8,0.022,-0.006,0.016,0.01,-1.1,-0.1,0.028,-0.01,0.7,-1.1,-0.006
2005,Denver Nuggets,TRUE,0.2,-0.1,-2.2,2.6,0.026,-0.054,0.006,0.001,0.2,-0.3,0.022,0,1.5,0.4,0.002
2005,Detroit Pistons,TRUE,-0.55,-0.5,-4.9,-3.7,0.011,-0.032,-0.01,-0.01,-0.3,2.5,0.002,-0.021,-0.1,1.7,-0.038
2005,Golden State Warriors,FALSE,0.42,-1.4,0.8,2.4,-0.046,0.056,-0.017,-0.007,-1.3,-0.9,-0.044,0.009,0.3,-1.6,-0.018
2005,Houston Rockets,TRUE,0.23,0.1,-4.4,-2.1,-0.015,0.041,0.005,0.004,-0.1,-2.4,-0.003,-0.023,-0.7,3.2,0
2005,Indiana Pacers,TRUE,-0.27,-0.6,-1.5,-3.7,0.034,0.059,0.005,-0.006,0.5,-2.3,0.038,-0.01,0,0,0.016
2005,Los Angeles Clippers,FALSE,0.3,-0.6,0.3,-1.8,0.033,-0.091,0.004,-0.005,1.3,1.6,0.033,-0.002,-0.6,0,-0.01
2005,Los Angeles Lakers,FALSE,0.64,2,5.3,-0.1,-0.002,0.077,0.006,0.003,-0.2,0.8,0.006,0.011,-2.6,-0.2,-0.027
2005,Memphis Grizzlies,TRUE,0.34,-0.6,-3.2,-2.4,-0.001,0.041,0.006,0.007,0.7,-1.6,-0.002,-0.016,1.8,-1.4,0.025
2005,Miami Heat,TRUE,-0.76,4.1,-3,-0.1,0.063,0.002,0.03,0.042,-0.5,-1.7,0.015,-0.022,-1.2,2.8,-0.003
2005,Milwaukee Bucks,FALSE,-0.1,0.5,3.7,-0.1,0.015,-0.055,-0.002,-0.007,-0.6,0.3,0.016,0.017,-1.2,0.7,-0.012
2005,Minnesota Timberwolves,FALSE,0.28,2.1,0.5,-1.8,-0.049,-0.023,0.005,0.007,-0.9,-0.1,-0.026,-0.01,-2.4,0.1,-0.037
2005,New Jersey Nets,TRUE,-0.32,-4.7,-3,-1.8,-0.006,-0.009,-0.017,-0.019,0.1,-3.2,-0.003,-0.003,1.6,1.9,0.033
2005,New Orleans Hornets,FALSE,0.78,-6.4,1.6,-3.3,-0.045,0.005,-0.036,-0.036,0.6,0.4,-0.031,0.009,0.3,-0.6,0.016
2005,New York Knicks,FALSE,-0.28,0.1,2.8,-0.2,-0.012,-0.008,0.002,0.003,0.2,-0.4,-0.006,0.019,0.2,-0.1,0.02
2005,Orlando Magic,FALSE,-0.27,-1.2,1.2,3.8,0.026,-0.059,0,-0.004,1,1.2,0.02,0.002,-0.4,0,0.01
2005,Philadelphia 76ers,TRUE,-0.33,-2.6,-1.8,4,0.002,0.02,-0.001,-0.007,0.6,-3.3,0.012,0.003,1.8,1.4,0.022
2005,Phoenix Suns,TRUE,-0.04,8.4,1,5,-0.028,0.093,0.042,0.052,-1.2,-1.2,-0.023,-0.004,-1.6,-3,-0.069
2005,Portland Trail Blazers,FALSE,0.55,-2.9,1.6,-1.1,-0.021,-0.015,-0.005,0.002,1.6,0.9,-0.026,-0.003,-1,-3.6,-0.041
2005,Sacramento Kings,TRUE,0.4,4.4,2.1,2.1,-0.037,0.004,0.012,0.014,-1.6,0.1,-0.019,0.011,-0.3,-2.3,-0.031
2005,San Antonio Spurs,TRUE,0.03,1.4,-7.3,-2,0.005,0.02,0.005,0.01,-0.4,0.4,-0.007,-0.03,1.1,2.3,-0.009
2005,Seattle SuperSonics,TRUE,0.3,6.1,3.5,-3,0.004,0.085,0.017,0.013,-0.6,3.7,0.014,0.014,-0.7,0,0.004
2005,Toronto Raptors,FALSE,-0.19,0.8,2.6,1.8,-0.008,0.057,0.01,0.01,-1.1,-5,-0.001,0.017,-0.2,-0.2,-0.005
2005,Utah Jazz,FALSE,0.53,-1.4,3.4,-2.5,0.037,-0.075,-0.007,-0.013,1.4,3.2,0.028,0.017,0.6,1,0.095
2005,Washington Wizards,TRUE,-0.38,1.1,1.4,2.4,0.04,0.024,-0.006,-0.008,-0.7,2.4,0.019,0.016,1,-1.3,-0.015
2004,Atlanta Hawks,FALSE,-0.36,-1.9,3.2,0.7,0,0.004,-0.002,-0.006,1.2,0,0.007,0.005,-1.1,-0.9,0.006
2004,Boston Celtics,TRUE,-0.54,-0.8,0.8,3.1,0.024,0.062,0.016,0.015,1.2,-3.4,0.017,0.008,1.5,-1.9,0.012
2004,Chicago Bulls,FALSE,-0.33,-6.3,0.5,2.1,-0.031,-0.001,-0.03,-0.025,0.7,-0.5,-0.031,-0.002,-0.1,0,0.025
2004,Cleveland Cavaliers,FALSE,-0.44,-1.5,1.3,0.7,-0.002,-0.071,-0.018,-0.02,-0.5,2.5,-0.002,-0.002,-1.9,1.6,-0.007
2004,Dallas Mavericks,TRUE,0.42,9.2,4.5,3.1,-0.047,0.014,0.02,0.024,-3.1,2.8,-0.024,0.027,-0.3,0.2,-0.014
2004,Denver Nuggets,TRUE,0.58,1,-0.2,3.2,0.016,-0.041,0.001,-0.004,0,1.9,0.017,0.01,1.4,-2.1,-0.007
2004,Detroit Pistons,TRUE,-0.81,-0.9,-7.5,-2.2,0.025,-0.034,-0.005,-0.01,0.5,1.5,0.019,-0.03,1.3,0.4,-0.026
2004,Golden State Warriors,FALSE,0.66,0.1,0.9,-0.3,0.008,0.01,0.001,0.004,-0.1,-0.2,-0.002,0.005,-0.9,0.7,-0.017
2004,Houston Rockets,TRUE,0.55,-2,-3.9,-2.3,-0.017,0.04,0.012,0.013,2.2,-2.1,-0.007,-0.024,-1.1,3.1,0.005
2004,Indiana Pacers,TRUE,-0.82,0.9,-5.7,-2.6,0.016,0.016,0.004,0,-0.1,-0.1,0.015,-0.012,1.5,2.5,-0.01
2004,Los Angeles Clippers,FALSE,0.84,0.6,5.6,0.9,0.047,-0.031,-0.004,-0.018,0.8,4.2,0.047,0.023,-1.3,-1.4,0.003
2004,Los Angeles Lakers,TRUE,0.45,2.6,-1.6,2.2,0.049,-0.02,0.006,0.01,-1.4,-0.5,0.016,0,0.1,1.9,-0.006
2004,Memphis Grizzlies,TRUE,0.52,1.9,-0.7,1.3,0.019,0.01,0.006,0.008,-0.3,0.9,0.006,-0.006,1.5,-3,0.023
2004,Miami Heat,TRUE,-0.65,-0.7,-1.2,-2.1,-0.005,0.024,-0.006,-0.008,-0.7,-1.2,-0.001,-0.008,0.3,2,0.032
2004,Milwaukee Bucks,TRUE,-0.64,3.6,2.5,1.5,0.027,-0.015,0.012,0.006,-1.5,-1,0.027,0.014,-0.9,0.4,-0.015
2004,Minnesota Timberwolves,TRUE,0.37,3,-3.2,-1.1,-0.038,-0.05,0.012,0.015,-1.8,-1.9,-0.021,-0.027,-1.3,1.1,-0.013
2004,New Jersey Nets,TRUE,-0.63,-2.1,-4.9,-0.7,-0.012,-0.011,-0.001,0,0.2,-2.7,-0.009,-0.011,1.5,2.5,-0.007
2004,New Orleans Hornets,TRUE,-0.62,-0.6,-0.5,-1,-0.01,0.065,-0.011,-0.011,-0.1,2,-0.008,0.005,0.8,-0.1,-0.01
2004,New York Knicks,TRUE,-0.49,-1.2,0.4,-0.6,-0.037,-0.016,0.002,0.003,0.9,-0.6,-0.017,-0.01,-1,1.4,0.031
2004,Orlando Magic,FALSE,-0.23,-0.2,7.5,0.7,-0.007,-0.003,-0.012,-0.01,-1.4,-0.5,-0.01,0.031,-1.5,-2.7,-0.014
2004,Philadelphia 76ers,FALSE,-0.46,-3.8,-1,-2.1,0.018,-0.029,-0.011,-0.015,1.3,-0.4,0.014,-0.004,0.5,-0.7,0.003
2004,Phoenix Suns,FALSE,0.8,-1.5,2.6,2.5,-0.023,-0.007,-0.001,0.004,0.1,-2,-0.019,0.011,0.5,-1.5,0.012
2004,Portland Trail Blazers,FALSE,0.69,0.8,2.2,-3.9,-0.036,-0.017,-0.001,0.007,0.2,2.6,-0.033,0.011,-0.9,-1.4,-0.042
2004,Sacramento Kings,TRUE,0.4,7.4,2,2.7,0.002,0.036,0.038,0.036,-1.2,-2.6,0.014,0.012,-0.5,-1.6,-0.035
2004,San Antonio Spurs,TRUE,0.29,-0.7,-8.8,-0.9,0.019,-0.01,-0.005,0.002,-0.1,0.9,-0.009,-0.038,0.6,3.2,-0.013
2004,Seattle SuperSonics,FALSE,0.66,4.4,5.1,-0.2,-0.033,0.107,0.024,0.03,-0.3,-1.4,-0.021,0.016,-0.3,-2.9,0.009
2004,Toronto Raptors,FALSE,-0.4,-5.9,-2.5,-3.3,-0.043,0.017,-0.021,-0.017,-0.1,-4.8,-0.033,-0.022,-0.1,-1.3,0.013
2004,Utah Jazz,FALSE,0.69,-1,0.4,-3.5,0.053,-0.06,-0.007,-0.015,1.9,5.5,0.038,-0.003,1.2,1,0.091
2004,Washington Wizards,FALSE,-0.48,-4.1,1.9,2.1,0.034,0.007,-0.016,-0.017,1.8,2.1,0.013,0.015,0.7,-1.9,-0.014
2003,Atlanta Hawks,FALSE,-0.31,-1.3,2.5,0,0.011,-0.005,0.008,0.002,1.7,-0.6,0.019,-0.005,-1.9,-1.1,-0.007
2003,Boston Celtics,TRUE,-0.36,-2.4,-2,-0.1,0.004,0.149,-0.005,-0.004,-0.6,-4.9,-0.002,-0.003,1.1,1,0.013
2003,Chicago Bulls,FALSE,-0.17,-3.4,2,2.5,-0.002,-0.034,-0.007,-0.003,1.4,-0.8,-0.012,-0.004,-0.7,-2,0.034
2003,Cleveland Cavaliers,FALSE,0.04,-7.1,3.1,3,-0.004,-0.049,-0.028,-0.03,2.4,2.5,-0.006,0.01,-1,1.7,0.023
2003,Dallas Mavericks,TRUE,0.12,7.1,-1.3,1.5,-0.045,0.057,0.024,0.024,-3.1,-3.1,-0.016,-0.001,0.8,-0.6,-0.008
2003,Denver Nuggets,FALSE,0.87,-11.4,-2.3,0,-0.019,-0.056,-0.05,-0.046,3.1,2.8,-0.031,0.003,2.5,1.8,0.061
2003,Detroit Pistons,TRUE,-0.71,0.5,-3.7,-4.2,0.02,0.055,0.004,-0.001,-0.7,-2.6,0.019,-0.013,-0.1,2.5,-0.004
2003,Golden State Warriors,FALSE,0.54,4.7,5.9,3.2,0.041,-0.004,0.007,-0.002,-0.1,6.5,0.038,0.008,-1.8,-3.6,-0.009
2003,Houston Rockets,FALSE,0.42,0.7,-1,-2.2,0.014,0.014,0.003,0,0.8,1.8,0.014,-0.012,-1.4,0.9,-0.02
2003,Indiana Pacers,TRUE,-0.7,1,-2.8,0.6,0.042,-0.013,0.003,-0.005,-0.3,0.5,0.034,-0.016,0.3,0.8,-0.001
2003,Los Angeles Clippers,FALSE,0.68,-1.3,3.2,0.3,0.033,0,-0.003,-0.007,0.8,0.6,0.023,0.007,-0.9,-1.3,-0.007
2003,Los Angeles Lakers,TRUE,0.38,3.6,1.1,1.5,0.009,0.017,0.009,0.012,-0.7,1.7,-0.001,0.003,-0.6,1.2,0.012
2003,Memphis Grizzlies,FALSE,0.63,0.3,3.7,1.7,-0.015,0.008,0.007,0.013,0.2,-1.5,-0.017,0.017,-0.6,-2.8,-0.032
2003,Miami Heat,FALSE,-0.08,-6.9,-1.2,-3.2,-0.043,-0.013,-0.036,-0.035,-0.2,-1.7,-0.031,-0.004,0.1,2.4,0.028
2003,Milwaukee Bucks,TRUE,-0.48,5.2,5,-0.6,-0.015,0.047,0.024,0.026,-1.8,-2.9,-0.007,0.02,-0.5,-1.6,0.008
2003,Minnesota Timberwolves,TRUE,0.39,2.5,0.2,0.9,-0.034,-0.064,0.009,0.014,-1.1,-0.3,-0.023,-0.002,-1.3,1.4,-0.026
2003,New Jersey Nets,TRUE,-0.8,0.2,-5.5,0.6,0.031,-0.024,-0.001,-0.006,-0.2,0.2,0.023,-0.014,1.7,1.6,-0.004
2003,New Orleans Hornets,TRUE,-0.59,0.3,-2,-1.6,-0.017,-0.021,-0.008,-0.009,-0.1,3.2,-0.01,-0.01,0,1.6,-0.003
2003,New York Knicks,FALSE,-0.26,1.1,2.6,-0.3,-0.061,0.053,0.009,0.012,-0.6,-4.1,-0.033,0.011,-0.3,0.3,0.032
2003,Orlando Magic,TRUE,-0.53,1.6,1.4,2.1,0.005,0.053,0.007,0.004,-0.7,-1.5,0.01,0.012,1.1,-0.4,0.021
2003,Philadelphia 76ers,TRUE,-0.55,1.4,-1.1,0.4,0.037,-0.063,0.001,-0.008,-0.3,1.8,0.034,0.014,2.2,1.2,0.014
2003,Phoenix Suns,TRUE,0.43,0.1,-1.1,0.5,-0.017,-0.012,-0.005,-0.001,-0.3,1.2,-0.018,-0.004,0.8,-1.2,-0.007
2003,Portland Trail Blazers,TRUE,0.36,1.9,-1,-1.6,-0.002,-0.005,0.012,0.015,0.5,1.7,-0.006,0.009,0.9,0.8,-0.035
2003,Sacramento Kings,TRUE,0.18,2.3,-4.5,4.4,-0.04,0.002,0.016,0.025,-0.7,-2.9,-0.033,-0.028,-0.4,-0.9,-0.025
2003,San Antonio Spurs,TRUE,0.23,2,-3.9,-1,0.046,0.02,0.022,0.023,1.1,0.3,0.024,-0.021,0.2,-0.2,-0.03
2003,Seattle SuperSonics,FALSE,0.49,0.1,0.3,-3,-0.032,0.014,-0.007,-0.002,-1.2,-0.4,-0.028,0.01,0.3,0.3,-0.019
2003,Toronto Raptors,FALSE,-0.23,-3.1,3.4,-1.1,-0.02,-0.003,-0.022,-0.016,-0.4,-0.3,-0.026,0.015,-0.9,-0.8,-0.003
2003,Utah Jazz,TRUE,0.37,1.9,-0.8,-1.7,0.078,-0.078,0.018,0.012,2,4,0.054,-0.006,1.2,-1.3,0.027
2003,Washington Wizards,FALSE,-0.46,-0.6,0.5,-2.8,0.023,-0.055,-0.006,-0.014,-1,-1.2,0.024,0.003,-0.2,0.1,-0.017
2002,Atlanta Hawks,FALSE,-0.18,-2.7,1.9,1.2,0.001,0,-0.003,-0.006,1,-1.4,0.004,0.018,0.5,-0.2,-0.003
2002,Boston Celtics,TRUE,-0.46,-1.1,-3.5,1.8,-0.002,0.108,0,-0.001,-0.8,-4.8,0.002,-0.013,1.5,1.8,0.024
2002,Charlotte Hornets,TRUE,-0.4,-0.2,-1.2,-1,0.027,-0.03,-0.007,-0.011,-0.3,1.7,0.017,-0.012,-0.3,1.1,0.005
2002,Chicago Bulls,FALSE,0.02,-6.3,3.1,-0.2,0.009,-0.047,-0.021,-0.021,1,-2.3,-0.003,0.02,0.1,0.3,0.018
2002,Cleveland Cavaliers,FALSE,-0.19,0.1,3.7,-0.4,0.008,-0.025,0.004,0,0.2,0,0.011,0.016,-1.3,1.7,0.005
2002,Dallas Mavericks,TRUE,0.16,7.7,3.2,2.1,-0.005,0.056,0.033,0.03,-2.3,-2.8,0.011,0.008,-0.7,-0.4,0.018
2002,Denver Nuggets,FALSE,0.63,-3.1,3.3,-0.3,-0.037,0.006,-0.025,-0.022,0,1.7,-0.031,0.015,0,-1.2,0.024
2002,Detroit Pistons,TRUE,-0.45,0.3,-2.1,-0.7,0.017,0.059,0.02,0.02,0.7,-4.5,0.014,-0.003,1.2,-0.6,-0.015
2002,Golden State Warriors,FALSE,0.61,-1.7,4,3.8,0.042,-0.039,-0.021,-0.025,1.1,6.4,0.021,0.011,-0.7,-1.7,0.011
2002,Houston Rockets,FALSE,0.58,-1.4,4.1,-2.5,-0.007,0.042,-0.013,-0.012,-0.2,0.1,-0.01,0.014,-2.1,-1.3,-0.043
2002,Indiana Pacers,TRUE,-0.34,-0.4,-0.7,1.2,0.035,0.001,0.007,0,0.6,-1.9,0.032,-0.008,-0.4,-0.1,0.006
2002,Los Angeles Clippers,FALSE,0.38,1,1.5,-0.6,0.011,-0.009,-0.001,-0.001,0.2,2.4,0.004,0,-1.5,-1.2,-0.027
2002,Los Angeles Lakers,TRUE,0.03,4.9,-2.8,1.4,0.02,0.029,0.014,0.021,-1.8,-0.1,-0.003,-0.024,-0.6,0.9,0.012
2002,Memphis Grizzlies,FALSE,0.7,-6.3,1.8,0.4,-0.005,-0.013,-0.019,-0.015,1.8,-1.1,-0.017,0.009,0.1,-3.1,-0.024
2002,Miami Heat,FALSE,-0.31,-6,-4.3,-3.3,-0.025,-0.04,-0.019,-0.014,1,-2.3,-0.027,-0.022,0,2.9,0.028
2002,Milwaukee Bucks,FALSE,-0.4,2.4,2.6,-0.5,-0.024,0.06,0.024,0.03,0,-3.3,-0.02,0,-1.6,-0.2,-0.004
2002,Minnesota Timberwolves,TRUE,0.2,4.5,0.8,-0.2,-0.038,-0.029,0.012,0.013,-1.1,2.4,-0.018,0.005,-0.9,2.6,-0.003
2002,New Jersey Nets,TRUE,-0.49,-0.5,-5,1.1,-0.013,-0.006,-0.005,-0.001,-0.2,0.3,-0.015,-0.018,1.3,0.5,-0.008
2002,New York Knicks,FALSE,-0.16,-3,1.4,-1,-0.019,0.025,-0.006,-0.009,0.4,-3.3,-0.005,0.002,-0.7,0.8,0.015
2002,Orlando Magic,TRUE,-0.32,2.5,0.8,2.5,-0.015,0.06,0.013,0.016,-1,-2.6,-0.011,0.009,0.8,-1.9,-0.006
2002,Philadelphia 76ers,TRUE,-0.33,-2.4,-4.2,-1.8,0.034,-0.07,-0.013,-0.025,1,2.8,0.034,-0.017,0.6,1,-0.013
2002,Phoenix Suns,FALSE,0.39,-1.2,-0.5,0.7,-0.058,-0.023,-0.01,-0.005,0,1.2,-0.041,-0.001,0.8,-0.9,0.006
2002,Portland Trail Blazers,TRUE,0.22,2.9,-0.5,-1.4,-0.008,0.017,0.008,0.008,-0.1,2.9,-0.003,0.012,0.6,2.2,-0.019
2002,Sacramento Kings,TRUE,0,4.5,-3.4,4.9,0.015,-0.015,0.019,0.02,-1.2,-1,0.01,-0.01,0,0.6,-0.036
2002,San Antonio Spurs,TRUE,0.07,2,-4.8,-0.7,0.06,0.009,0.019,0.015,0.2,-1.7,0.041,-0.024,0.1,0.8,-0.032
2002,Seattle SuperSonics,TRUE,0.22,4.4,1.1,-1.7,-0.043,0.012,0.02,0.028,-0.4,0.5,-0.032,0.008,0.9,-3,-0.015
2002,Toronto Raptors,TRUE,-0.27,-1.9,-1.4,-1.9,-0.038,-0.016,-0.019,-0.014,0,2.5,-0.032,-0.006,1.1,-1,0.016
2002,Utah Jazz,TRUE,0.32,1.1,0.1,-0.4,0.088,-0.049,0.009,-0.005,1.8,4.6,0.07,0.007,2.3,0.6,0.065
2002,Washington Wizards,FALSE,-0.17,0.3,1.9,-2.4,-0.013,-0.063,-0.012,-0.013,-1.1,1.8,-0.007,0.007,-0.6,0.3,-0.007
2001,Atlanta Hawks,FALSE,-0.34,-4.3,1.3,0.6,-0.037,-0.03,-0.018,-0.017,1.4,0.7,-0.025,-0.001,-0.3,-1,0.018
2001,Boston Celtics,FALSE,-0.26,-1.6,0.7,1.3,0.029,0.082,0.003,0,0.6,-2.9,0.019,0.02,1.9,0.9,0.025
2001,Charlotte Hornets,TRUE,-0.65,-1.2,-3.5,-1.9,0.021,-0.019,-0.012,-0.016,-0.4,1.6,0.015,-0.017,0,2.7,-0.009
2001,Chicago Bulls,FALSE,0.01,-5.8,4.3,-2,-0.011,-0.022,-0.023,-0.023,1,-1.6,-0.011,0.026,0.2,-1.5,0.023
2001,Cleveland Cavaliers,FALSE,-0.23,-2.7,1.9,-0.1,0.003,-0.069,-0.009,-0.014,1.3,1.5,0.008,0.004,0,-0.7,0.017
2001,Dallas Mavericks,TRUE,0.32,4.1,-0.4,1.9,-0.018,0.032,0.026,0.025,-1,-4.1,0,-0.006,0.1,-1.1,0.013
2001,Denver Nuggets,FALSE,0.64,0.7,3.3,1.3,-0.023,0.04,-0.007,-0.003,-1.3,0.1,-0.02,0.003,-2,0,-0.008
2001,Detroit Pistons,FALSE,-0.39,-3,-1.2,3.4,0.016,-0.008,-0.02,-0.02,0.1,1.1,0.003,-0.007,-0.1,0.4,0.002
2001,Golden State Warriors,FALSE,0.94,-5.2,4.4,2.8,-0.027,-0.036,-0.048,-0.044,-0.2,5.1,-0.032,0.031,0.9,-2.1,-0.004
2001,Houston Rockets,FALSE,0.42,3.7,1.2,-0.9,0.012,0.047,0.02,0.019,-0.1,-0.7,0.013,0.002,-1.5,0.1,-0.025
2001,Indiana Pacers,TRUE,-0.57,-1,-0.8,-1.9,0.003,0.01,0.001,-0.002,0.4,-1.2,0.008,-0.021,-1.3,-0.4,0.004
2001,Los Angeles Clippers,FALSE,0.66,-1.7,1.5,-1.7,0.01,-0.006,-0.004,0.003,0.8,0.1,-0.01,-0.007,-2.1,-0.7,-0.014
2001,Los Angeles Lakers,TRUE,0.37,5.4,1.8,0.4,0.04,0.021,0.017,0.025,-0.8,2.9,0.007,-0.005,-1.9,0.7,0.003
2001,Miami Heat,TRUE,-0.57,-1.9,-4.5,-4.2,-0.01,0.051,-0.003,-0.004,-0.4,-3.9,-0.004,-0.013,1.2,0.9,-0.017
2001,Milwaukee Bucks,TRUE,-0.74,5.8,1.6,0.8,-0.033,0.048,0.024,0.026,-1.3,-0.1,-0.014,0,0.3,-0.7,0.022
2001,Minnesota Timberwolves,TRUE,0.46,2.2,0.7,0.5,-0.056,-0.039,0.005,0.009,-1.1,0.4,-0.032,0.005,0.1,0.1,0.007
2001,New Jersey Nets,FALSE,-0.25,-3,2.5,0.5,0.019,-0.005,-0.014,-0.021,-0.2,-2.5,0.018,0.015,0.8,-1.8,0.027
2001,New York Knicks,TRUE,-0.65,-1.8,-4.8,-4.6,-0.03,0.01,0.005,0.003,0.5,-4,-0.009,-0.02,0.6,2.5,0.009
2001,Orlando Magic,TRUE,-0.6,0.2,-0.9,1.9,-0.008,0.026,-0.005,0.001,-0.3,0.9,-0.016,-0.009,1.5,-2,0.059
2001,Philadelphia 76ers,TRUE,-0.65,0.6,-4.1,-0.7,0.042,-0.046,0,-0.005,0.6,3,0.031,-0.013,0.4,0.7,-0.045
2001,Phoenix Suns,TRUE,0.42,-2.7,-5,1.8,-0.017,-0.014,-0.012,-0.013,0,-0.9,-0.01,-0.013,2.2,1.9,0.021
2001,Portland Trail Blazers,TRUE,0.33,3.5,-1.2,-2.2,-0.013,-0.005,0.021,0.024,0.7,1.8,-0.006,-0.003,0.2,0.6,-0.008
2001,Sacramento Kings,TRUE,0.25,2.6,-3.4,3.1,-0.011,0.024,0.011,0.011,-0.7,-1,-0.001,-0.013,0.4,-1.1,-0.05
2001,San Antonio Spurs,TRUE,0.16,3.6,-5,-1.7,0.065,0.005,0.023,0.023,-0.5,-1.1,0.036,-0.029,-1.2,1.9,-0.049
2001,Seattle SuperSonics,FALSE,0.52,2.6,2.6,0.3,-0.01,0.006,0.012,0.018,0.2,0.9,-0.012,0.015,-0.2,-2,-0.032
2001,Toronto Raptors,TRUE,-0.57,2.9,0.4,-0.4,-0.024,-0.003,-0.008,-0.005,-2,2.6,-0.018,0.003,-0.8,1.4,-0.019
2001,Utah Jazz,TRUE,0.31,4.6,-0.6,-1.5,0.054,-0.035,0.028,0.024,1,2,0.042,0,1.5,1.4,0.07
2001,Vancouver Grizzlies,FALSE,0.79,-3.4,2.8,0.4,-0.02,-0.025,-0.008,-0.009,0.8,-2.1,-0.008,0.018,-0.3,-2,-0.037
2001,Washington Wizards,FALSE,-0.08,-2.4,4.8,1.4,0.039,-0.039,-0.004,-0.013,1.6,1.5,0.033,0.03,0,0,0.005
2000,Atlanta Hawks,FALSE,-0.04,-2.1,3.8,-1.4,-0.016,-0.047,-0.02,-0.018,-0.1,2.8,-0.014,0.003,-2.9,-0.1,-0.035
2000,Boston Celtics,FALSE,-0.24,0.7,1.5,1.5,0.008,0.016,-0.003,-0.004,-0.4,1.5,0.005,0.02,1.6,2.7,0.075
2000,Charlotte Hornets,TRUE,-0.34,0.2,-2.7,0.8,0.068,-0.014,0.007,-0.003,-0.5,-3.2,0.054,0,0.4,2.1,-0.033
2000,Chicago Bulls,FALSE,0.17,-9.9,0.5,-3.7,0.03,0,-0.033,-0.035,3.8,1,0.009,0.006,0.3,-1.2,0.009
2000,Cleveland Cavaliers,FALSE,-0.14,-3.7,-0.1,2.6,0.019,-0.031,-0.007,-0.01,1.4,-0.8,0.014,-0.004,0.9,0.1,0.044
2000,Dallas Mavericks,FALSE,0.29,2.5,3.1,1.8,-0.06,0.021,0.009,0.012,-1.6,-3.4,-0.031,0.01,0,-5,-0.021
2000,Denver Nuggets,FALSE,0.36,-0.6,1.7,1.6,-0.002,0.035,-0.006,-0.002,-0.2,0.3,-0.009,0.001,-1.2,0.5,0.004
2000,Detroit Pistons,TRUE,-0.31,3.2,1.7,2.6,0.07,0.017,0.025,0.014,0.1,-2.1,0.064,0.021,1.2,0.5,0.018
2000,Golden State Warriors,FALSE,0.64,-4.3,4.3,2.3,-0.007,-0.017,-0.039,-0.034,-0.3,3.7,-0.021,0.021,0.4,-2,0.028
2000,Houston Rockets,FALSE,0.3,0.7,1.6,1.1,0.014,0.077,0.013,0.016,1.6,0.2,0.005,0.003,-1.7,0.5,-0.03
2000,Indiana Pacers,TRUE,-0.45,4.4,-0.5,0,-0.006,0.057,0.029,0.025,-0.9,-4,0.014,-0.009,-1.6,0.4,-0.034
2000,Los Angeles Clippers,FALSE,0.8,-6.3,6,0.8,-0.038,0.021,-0.024,-0.02,0.7,-2.8,-0.029,0.029,-1.1,-1.5,-0.011
2000,Los Angeles Lakers,TRUE,-0.14,3.2,-5.9,0.2,0.038,-0.014,0.002,0.006,-1.5,1.7,0.01,-0.035,-0.8,2,-0.009
2000,Miami Heat,TRUE,-0.36,0.4,-3.1,-3.4,-0.025,0.019,0.01,0.017,0.3,-0.7,-0.023,-0.025,-0.9,1.8,-0.002
2000,Milwaukee Bucks,TRUE,-0.28,4.1,3.8,-0.4,-0.018,-0.01,0.016,0.016,-0.4,1.1,-0.003,0.018,0.4,-1.5,0.023
2000,Minnesota Timberwolves,TRUE,0.14,2,-0.7,-1.3,-0.052,-0.063,0.002,0.007,-1.3,0.5,-0.031,-0.004,-0.2,1.9,0.019
2000,New Jersey Nets,FALSE,-0.15,1,2.2,-0.6,-0.011,0.033,-0.006,-0.01,-1.6,-0.8,0.002,0.013,1,-3.9,-0.008
2000,New York Knicks,TRUE,-0.16,-1.6,-3.2,-3.9,-0.025,-0.02,0.004,0.004,0.2,-4.2,-0.01,-0.023,-0.6,2,0.02
2000,Orlando Magic,FALSE,-0.26,-1.7,-2.4,4.2,-0.003,-0.043,-0.007,-0.005,1.2,2.7,-0.007,-0.002,1.7,-1.2,-0.005
2000,Philadelphia 76ers,TRUE,-0.32,-2.6,-4.1,-0.4,0.021,-0.072,-0.022,-0.021,0,2.5,0.002,-0.012,2,-1.2,-0.002
2000,Phoenix Suns,TRUE,0.02,0.5,-5.1,0.9,-0.022,0.017,0.009,0.013,1,0.4,-0.014,-0.024,1.5,-0.6,0.014
2000,Portland Trail Blazers,TRUE,-0.04,3.8,-3.3,-3.2,0.008,0.008,0.023,0.023,0.3,1.4,0.009,-0.017,-0.4,1.3,-0.014
2000,Sacramento Kings,TRUE,0.12,0.9,-2,6.2,-0.031,0.06,0.003,0.008,-0.3,-1.2,-0.022,0.001,0.9,-1.4,-0.033
2000,San Antonio Spurs,TRUE,-0.02,0.9,-5.5,-2.3,0.038,-0.029,0.012,0.01,0.1,-1.1,0.027,-0.027,-0.7,1.9,-0.043
2000,Seattle SuperSonics,TRUE,0.22,1.5,0.5,0.3,-0.026,0.065,-0.003,0.009,-1.3,-0.4,-0.035,0.005,-0.2,-1.5,-0.038
2000,Toronto Raptors,TRUE,-0.3,0.6,0.8,-0.6,-0.008,0.003,-0.012,-0.014,-1.5,1.2,-0.001,0.002,0,0.7,0.016
2000,Utah Jazz,TRUE,0.05,3.2,-1.8,-3.5,0.029,-0.033,0.017,0.012,0.1,0.6,0.029,-0.001,0.8,2.1,0.025
2000,Vancouver Grizzlies,FALSE,0.52,-1.8,4.4,-2.1,0.012,-0.028,0.001,-0.004,1.6,1.2,0.016,0.024,-0.1,-0.5,0
2000,Washington Wizards,FALSE,-0.19,-0.6,2.9,-0.4,0.007,-0.034,-0.002,-0.002,0.6,1.7,0.003,0.011,-0.3,0.6,0.042
